l_ukrainian:
 brittany_area:0 "Бретань"
 brittany_area_name:0 "Бретань"
 brittany_area_adj:0 "Бретонськ"
 normandy_area:0 "Нормандія"
 normandy_area_name:0 "Нормандія"
 normandy_area_adj:0 "Нормандськ"
 provence_area:0 "Прованс"
 provence_area_name:0 "Прованс"
 provence_area_adj:0 "Провансальськ"
 guyenne_area:0 "Гійєнь"
 guyenne_area_name:0 "Гійєнь"
 guyenne_area_adj:0 "Гійєньськ"
 sahel_region:0 "Sahel"
 sahel_region_name:0 "Sahel"
 sahel_region_adj:0 "Sahelian"
 basque_country:0 "Vasconia"
 basque_country_name:0 "Euskal Herria"
 basque_country_adj:0 "Basque"
 pyrenees_area:0 "Піренеї"
 pyrenees_area_name:0 "Піренеї"
 pyrenees_area_adj:0 "Піренейськ"
 languedoc_area:0 "Лангедок"
 languedoc_area_name:0 "Лангедок"
 languedoc_area_adj:0 "Оксітанськ"
 bourgogne_area:0 "Бургундія"
 bourgogne_area_name:0 "Бургундія"
 bourgogne_area_adj:0 "Бургундськ"
 massif_central_area:0 "Овернь"
 massif_central_area_name:0 "Овернь"
 massif_central_area_adj:0 "Овернськ"
 savoy_dauphine_area:0 "Савойя"
 savoy_dauphine_area_name:0 "Савойя"
 savoy_dauphine_area_adj:0 "Савойськ"
 lorraine_area:0 "Лотарингія"
 lorraine_area_name:0 "Лотарингія"
 lorraine_area_adj:0 "Лотаринськ"
 picardy_area:0 "Пікардія"
 picardy_area_name:0 "Пікардія"
 picardy_area_adj:0 "Пікардійськ"
 seine_area:0 "Сена"
 seine_area_name:0 "Париж"
 seine_area_adj:0 "Парижськ"
 loire_area:0 "Луара"
 loire_area_name:0 "Анжу"
 loire_area_adj:0 "Анжуйськ"
 wallonia_area:0 "Валлонія"
 wallonia_area_name:0 "Валлонія"
 wallonia_area_adj:0 "Валлонськ"
 flanders_area:0 "Фландрія"
 flanders_area_name:0 "Фландрія"
 flanders_area_adj:0 "Фламандськ"
 brabant_area:0 "Брабант"
 brabant_area_name:0 "Брабанд"
 brabant_area_adj:0 "Брабантськ"
 netherlands_area:0 "Нідерланди"
 netherlands_area_name:0 "Нідерланди"
 netherlands_area_adj:0 "Голландськ"
 frisia_area:0 "Фрисландія"
 frisia_area_name:0 "Фрисландія"
 frisia_area_adj:0 "Фризьк"
 aragon_area:0 "Арагон"
 aragon_area_name:0 "Арагон"
 aragon_area_adj:0 "Арагонськ"
 catalonia_area:0 "Каталонія"
 catalonia_area_name:0 "Каталонія"
 catalonia_area_adj:0 "Каталонськ"
 valencia_area:0 "Валенсія"
 valencia_area_name:0 "Валенсія"
 valencia_area_adj:0 "Валенсійськ"
 lower_andalucia_area:0 "Нижня Андалузія"
 lower_andalucia_area_name:0 "Кордоба"
 lower_andalucia_area_adj:0 "Кордовськ"
 upper_andalucia_area:0 "Верхня Андалузія"
 upper_andalucia_area_name:0 "Гранада"
 upper_andalucia_area_adj:0 "Гранадськ"
 castille_area:0 "Кастилія"
 castille_area_name:0 "Кастилія"
 castille_area_adj:0 "Кастильськ"
 toledo_area:0 "Толедо"
 toledo_area_name:0 "Толедо"
 toledo_area_adj:0 "Толедськ"
 asturias_area:0 "Астурія"
 asturias_area_name:0 "Астурія"
 asturias_area_adj:0 "Астурійськ"
 leon_area:0 "Леон"
 leon_area_name:0 "Леон"
 leon_area_adj:0 "Леонськ"
 basque_area:0 "Країна Басків"
 basque_area_name:0 "Евскаді"
 basque_area_adj:0 "Баськ"
 beieras_area:0 "Бейра"
 beieras_area_name:0 "Бейра"
 beieras_area_adj:0 "Бейранськ"
 alentejo_area:0 "Алентежу"
 alentejo_area_name:0 "Алентежу"
 alentejo_area_adj:0 "Алентежуйськ"
 macaronesia_area:0 "Макаронезія"
 macaronesia_area_name:0 "Макаронезія"
 macaronesia_area_adj:0 "Макаронезськ"
 venetia_area:0 "Венеція"
 venetia_area_name:0 "Венеція"
 venetia_area_adj:0 "Венеціаськ"
 lombardy_area:0 "Ломбардія"
 lombardy_area_name:0 "Ломбардія"
 lombardy_area_adj:0 "Ломбардіськ"
 piedmont_area:0 "П'ємонт"
 piedmont_area_name:0 "П'ємонт"
 piedmont_area_adj:0 "П'ємонтськ"
 tuscany_area:0 "Тоскана"
 tuscany_area_name:0 "Тоскана"
 tuscany_area_adj:0 "Тосканськ"
 liguria_area:0 "Лігурія"
 liguria_area_name:0 "Лігурія"
 liguria_area_adj:0 "Лігурійськ"
 corsica_sardinia_area:0 "Корсика і Сардинія"
 corsica_sardinia_area_name:0 "Сардинія"
 corsica_sardinia_area_adj:0 "Сардинськ"
 sicily_area:0 "Сицилія"
 sicily_area_name:0 "Сицилія"
 sicily_area_adj:0 "Сицилійськ"
 naples_area:0 "Неаполь"
 naples_area_name:0 "Неаполь"
 naples_area_adj:0 "Неаполітанськ"
 calabria_area:0 "Калабрія"
 calabria_area_name:0 "Калабрія"
 calabria_area_adj:0 "Калабрійськ"
 apulia_area:0 "Апулія"
 apulia_area_name:0 "Апулія"
 apulia_area_adj:0 "Апулійськ"
 emilia_romagna_area:0 "Емілія - Романія"
 emilia_romagna_area_name:0 "Емілія"
 emilia_romagna_area_adj:0 "Романськ"
 central_italy_area:0 "Лаціо"
 central_italy_area_name:0 "Рим"
 central_italy_area_adj:0 "Римськ"
 ireland_area:0 "Ірландія"
 ireland_area_name:0 "Ірландія"
 ireland_area_adj:0 "Ірландськ"
 highlands_area:0 "Хайленд"
 highlands_area_name:0 "Хайленд"
 highlands_area_adj:0 "Хайлендськ"
 lowlands_area:0 "Лоуленд"
 lowlands_area_name:0 "Лоуленд"
 lowlands_area_adj:0 "Лоулендськ"
 wales_area:0 "Уельс"
 wales_area_name:0 "Уельс"
 wales_area_adj:0 "Валійськ"
 northern_england_area:0 "Нортумбрія"
 northern_england_area_name:0 "Нортумбрія"
 northern_england_area_adj:0 "Нортумбрськ"
 mercia_area:0 "Мерсія"
 mercia_area_name:0 "Мерсія"
 mercia_area_adj:0 "Мерсійськ"
 wessex_area:0 "Уессекс"
 wessex_area_name:0 "Уессекс"
 wessex_area_adj:0 "Уессекськ"
 east_anglia_area:0 "Східна Англія"
 east_anglia_area_name:0 "Східна Англія"
 east_anglia_area_adj:0 "Східноанглійськ"
 denmark_area:0 "Данія"
 denmark_area_name:0 "Данія"
 denmark_area_adj:0 "Данськ"
 jutland_area:0 "Ютландія"
 jutland_area_name:0 "Ютландія"
 jutland_area_adj:0 "Ютландськ"
 skaneland_area:0 "Сканія"
 skaneland_area_name:0 "Сканія"
 skaneland_area_adj:0 "Сканійськ"
 gotaland_area:0 "Готаланд"
 gotaland_area_name:0 "Готаланд"
 gotaland_area_adj:0 "Готландськ"
 vastra_gotaland_area:0 "Västra Götaland"
 vastra_gotaland_area_adj:0 "Skaran"
 vastra_gotaland_area_name:0 "Skaraborg"
 svealand_area:0 "Свеаланд"
 svealand_area_name:0 "Швеція"
 svealand_area_adj:0 "Шведськ"
 ostra_svealand_area:0 "Östra Svealand"
 ostra_svealand_area_name:0 "Dalecarlia"
 ostra_svealand_area_adj:0 "Dalecarlian"
 baltic_islands_area:0 "Baltic Islands"
 baltic_islands_area_name:0 "Baltia"
 baltic_islands_area_adj:0 "Baltic"
 norrland_area:0 "Норрланд"
 norrland_area_name:0 "Норрланд"
 norrland_area_adj:0 "Норрландськ"
 finland_area:0 "Фінляндія"
 finland_area_name:0 "Фінляндія"
 finland_area_adj:0 "Фінськ"
 karelia_area:0 "Карелія"
 karelia_area_name:0 "Карелія"
 karelia_area_adj:0 "Карельськ"
 north_karelia:0 "North Karelia"
 north_karelia_adj:0 "Olonetian"
 north_karelia_name:0 "Olonets"
 northern_norway:0 "Північна Норвегія"
 northern_norway_name:0 "Тренделаг"
 northern_norway_adj:0 "Тренделагськ"
 eastern_norway:0 "Естланд"
 eastern_norway_name:0 "Норвегія"
 eastern_norway_adj:0 "Норвезьк"
 western_norway:0 "Вестланд"
 western_norway_name:0 "Берген"
 western_norway_adj:0 "Бергенськ"
 subarctic_islands_area:0 "Субарктичні острови"
 subarctic_islands_area_adj:0 "Субрактичн"
 subarctic_islands_area_adj:1 "Faroese"
 greenland_area:0 "Greenland"
 greenland_area_name:0 "Greenland"
 greenland_area_adj:0 "Greenlandic"
 iceland_area:0 "Iceland"
 iceland_area_name:0 "Iceland"
 iceland_area_adj:0 "Icelandic"
 estonia_ingria_area:0 "Естонія"
 estonia_ingria_area_name:0 "Естонія"
 estonia_ingria_area_adj:0 "Естонськ"
 livonia_area:0 "Лівонія"
 livonia_area_name:0 "Лівонія"
 livonia_area_adj:0 "Лівонськ"
 curonia_area:0 "Курляндія"
 curonia_area_name:0 "Курляндія"
 curonia_area_adj:0 "Куршськ"
 east_prussia_area:0 "Східна Пруссія"
 east_prussia_area_name:0 "Пруссія"
 east_prussia_area_adj:0 "Прусськ"
 west_prussia_area:0 "Західна Пруссія"
 west_prussia_area_name:0 "Померелія"
 west_prussia_area_adj:0 "Померельськ"
 pomerelia_area:0 "Pomerelia"
 pomerelia_area_name:0 "Pomerelian"
 pomerelia_area_adj:0 "Pomerelian"
 wielkopolska_area:0 "Велика Польща"
 wielkopolska_area_name:0 "Велика Польща"
 wielkopolska_area_adj:0 "Великопольськ"
 malopolska_area:0 "Мала Польща"
 malopolska_area_name:0 "Мала Польща"
 malopolska_area_adj:0 "Малопольськ"
 podolia_volhynia_area:0 "Поділля - Волинь"
 podolia_volhynia_area_name:0 "Волинь"
 podolia_volhynia_area_adj:0 "Волинськ"
 pripyat_area:0 "Прип'ять"
 pripyat_area_name:0 "Брест"
 pripyat_area_adj:0 "Брестськ"
 mazovia_area:0 "Мазовія"
 mazovia_area_name:0 "Мазовія"
 mazovia_area_adj:0 "Мазовськ"
 lithuania_area:0 "Литва"
 lithuania_area_name:0 "Литва"
 lithuania_area_adj:0 "Литовськ"
 samogitia_area:0 "Samogitia"
 samogitia_area_name:0 "Samogitia"
 samogitia_area_adj:0 "Samogitian"
 west_dniepr_area:0 "Правобережжя"
 west_dniepr_area_name:0 "Правобережжя"
 west_dniepr_area_adj:0 "Черкаськ"
 east_dniepr_area:0 "Лівобережжя"
 east_dniepr_area_name:0 "Лівобережжя"
 east_dniepr_area_adj:0 "Полтавськ"
 sloboda_ukraine_area:0 "Слобожанщина"
 sloboda_ukraine_area_name:0 "Слобожанщина"
 sloboda_ukraine_area_adj:0 "Слобожанськ"
 azov_area:0 "Азов"
 azov_area_name:0 "Азов"
 azov_area_adj:0 "Азовськ"
 zaporizhia_area:0 "Запорожжя"
 zaporizhia_area_name:0 "Запорожжя"
 zaporizhia_area_adj:0 "Запорожськ"
 yedisan_area:0 "Єдісан"
 yedisan_area_name:0 "Єдісан"
 yedisan_area_adj:0 "Єдісанськ"
 crimea_area:0 "Крим"
 crimea_area_name:0 "Крим"
 crimea_area_name_adj:0 "Кримськ"
 white_ruthenia_area:0 "Біла Русь"
 white_ruthenia_area_adj:0 "Біла Русь"
 white_ruthenia_area_name:0 "Білоруськ"
 red_ruthenia_area:0 "Червона Русь"
 red_ruthenia_area_name:0 "Червона Русь"
 red_ruthenia_area_adj:0 "Червенськ"
 ryazan_area:0 "Рязань"
 ryazan_area_name:0 "Рязань"
 ryazan_area_adj:0 "Рязанськ"
 moscow_area:0 "Москва"
 moscow_area_name:0 "Московія"
 moscow_area_adj:0 "Московськ"
 suzdal_area:0 "Суздаль"
 suzdal_area_name:0 "Суздаль"
 suzdal_area_adj:0 "Суздальськ"
 smolensk_area:0 "Смоленськ"
 smolensk_area_name:0 "Смоленськ"
 smolensk_area_adj:0 "Смоленськ"
 novgorod_area:0 "Новгород"
 novgorod_area_name:0 "Новгород"
 novgorod_area_adj:0 "Новгородськ"
 pskov_area:0 "Псков"
 pskov_area_name:0 "Псков"
 pskov_area_adj:0 "Псковськ"
 beloozero_area:0 "Білоозеро"
 beloozero_area_name:0 "Білоозеро"
 beloozero_area_adj:0 "Білоозерськ"
 astrakhan_area:0 "Астрахань"
 astrakhan_area_name:0 "Астрахань"
 astrakhan_area_adj:0 "Астраханськ"
 lower_don_area:0 "Пониззя Дону"
 lower_don_area_name:0 "Черкаськ"
 lower_don_area_adj:0 "Черкасськ"
 kazan_area:0 "Казань"
 kazan_area_name:0 "Казань"
 kazan_area_adj:0 "Казанськ"
 samara_area:0 "Samara"
 samara_area_name:0 "Samara"
 samara_area_adj:0 "Samaran"
 lower_yik_area:0 "Lower Yik"
 lower_yik_area_name:0 "Ryn"
 lower_yik_area_adj:0 "Rynian"
 nogai_area:0 "Ногай"
 nogai_area_name:0 "Ногай"
 nogai_area_adj:0 "Ногайськ"
 ural_area:0 "Урал"
 ural_area_name:0 "Урал"
 ural_area_adj:0 "Уральськ"
 pomor_area:0 "Помор'я"
 pomor_area_name:0 "Помор'я"
 pomor_area_adj:0 "Поморськ"
 bashkiria_area:0 "Башкирія"
 bashkiria_area_name:0 "Башкирія"
 bashkiria_area_adj:0 "Башкірськ"
 galich_area:0 "Галич"
 galich_area_name:0 "Галич"
 galich_area_adj:0 "Галичськ"
 kama_area:0 "Кама"
 kama_area_name:0 "Кама"
 kama_area_adj:0 "Камськ"
 tambov_area:0 "Тамбов"
 tambov_area_name:0 "Тамбов"
 tambov_area_adj:0 "Тамбовськ"
 saratov_area:0 "Саратов"
 saratov_area_name:0 "Саратов"
 saratov_area_adj:0 "Саратськ"
 silesia_area:0 "Сілезія"
 silesia_area_name:0 "Сілезія"
 silesia_area_adj:0 "Сілезськ"
 bohemia_area:0 "Богемія"
 bohemia_area_name:0 "Богемія"
 bohemia_area_adj:0 "Богемськ"
 erzgebirge_area:0 "Рудні гори"
 erzgebirge_area_name:0 "Плзень"
 erzgebirge_area_adj:0 "Плзенськ"
 south_saxony_area:0 "Саксонія"
 south_saxony_area_name:0 "Мейсен"
 south_saxony_area_adj:0 "Мейсенськ"
 lower_bavaria_area:0 "Нижня Баварія"
 lower_bavaria_area_name:0 "Верхній Пфальц"
 lower_bavaria_area_adj:0 "Верхнопфальцськ"
 upper_bavaria_area:0 "Верхня Баварія"
 upper_bavaria_area_name:0 "Баварія"
 upper_bavaria_area_adj:0 "Баварськ"
 franconia_area:0 "Франконія"
 franconia_area_name:0 "Франконія"
 franconia_area_adj:0 "Франконськ"
 lower_swabia_area:0 "Нижня Швабія"
 lower_swabia_area_name:0 "Швабія"
 lower_swabia_area_adj:0 "Швабськ"
 upper_swabia_area:0 "Верхня Швабія"
 upper_swabia_area_name:0 "Констанц"
 upper_swabia_area_adj:0 "Констанцськ"
 northern_saxony_area:0 "Верхня Саксонія"
 northern_saxony_area_name:0 "Альтмарк"
 northern_saxony_area_adj:0 "Альтмаркськ"
 thuringia_area:0 "Тюрингія"
 thuringia_area_name:0 "Тюрингія"
 thuringia_area_adj:0 "Тюрингськ"
 neumark_area:0 "Ноймарк"
 neumark_area_name:0 "Ноймарк"
 neumark_area_adj:0 "Ноймаркськ"
 mittelmark_area:0 "Міттельмарк"
 mittelmark_area_name:0 "Міттельмарк"
 mittelmark_area_adj:0 "Міттельмаркськ"
 vorpommern_area:0 "Ближня Померанія"
 vorpommern_area_name:0 "Померанія"
 vorpommern_area_adj:0 "Померанськ"
 hinter_pommern_area:0 "Дальня Померанія"
 hinter_pommern_area_name:0 "Дальня Померанія"
 hinter_pommern_area_adj:0 "Шеттинськ"
 tirol_area:0 "Тіроль"
 tirol_area_name:0 "Тіроль"
 tirol_area_adj:0 "Тірольськ"
 austria_proper_area:0 "Нижня Австрія"
 austria_proper_area_name:0 "Австрія"
 austria_proper_area_adj:0 "Австрійськ"
 inner_austria_area:0 "Каринтія"
 inner_austria_area_name:0 "Каринтія"
 inner_austria_area_adj:0 "Каринтськ"
 carinthia_area:0 "Крайна"
 carinthia_area_name:0 "Крайна"
 carinthia_area_adj:0 "Крайнськ"
 switzerland_area:0 "Швейцарія"
 switzerland_area_name:0 "Швейцарія"
 switzerland_area_adj:0 "Швейцарськ"
 romandie_area:0 "Романдія"
 romandie_area_name:0 "Романдія"
 romandie_area_adj:0 "Романдськ"
 upper_rhineland_area:0 "Верхній Рейнланд"
 upper_rhineland_area_name:0 "Баден"
 upper_rhineland_area_adj:0 "Баденськ"
 palatinate_area:0 "Пфальц"
 palatinate_area_name:0 "Пфальц"
 palatinate_area_adj:0 "Пфальцськ"
 north_rhine_area:0 "Північний Рейн"
 north_rhine_area_name:0 "Клеве"
 north_rhine_area_adj:0 "Клевськ"
 lower_rhineland_area:0 "Нижній Рейнланд"
 lower_rhineland_area_name:0 "Юліх"
 lower_rhineland_area_adj:0 "Юліхськ"
 luxemburg_liege_area:0 "Льєж"
 luxemburg_liege_area_name:0 "Льєж"
 luxemburg_liege_area_adj:0 "Льєжськ"
 westphalia_area:0 "Вестфалія"
 westphalia_area_name:0 "Вестфалія"
 westphalia_area_adj:0 "Вестфалськ"
 hesse_area:0 "Гессен"
 hesse_area_name:0 "Гессен"
 hesse_area_adj:0 "Гессенськ"
 lower_saxony_area:0 "Нижня Саксонія"
 lower_saxony_area_name:0 "Ганновер"
 lower_saxony_area_adj:0 "Ганноверськ"
 weser_area:0 "Везер"
 weser_area_name:0 "Бремен"
 weser_area_adj:0 "Бременськ"
 holstein_area:0 "Гольштейн"
 holstein_area_name:0 "Гольштейн"
 holstein_area_adj:0 "Гольштейнськ"
 braunschweig_area:0 "Braunschweig"
 braunschweig_area_name:0 "Braunschweig"
 braunschweig_area_adj:0 "Braunschweiger"
 mecklenburg_area:0 "Меклебург"
 mecklenburg_area_name:0 "Меклебург"
 mecklenburg_area_adj:0 "Меклебургськ"
 macedonia_area:0 "Македонія"
 macedonia_area_name:0 "Македонія"
 macedonia_area_adj:0 "Македонськ"
 morea_area:0 "Морея"
 morea_area_name:0 "Морея"
 morea_area_adj:0 "Морейськ"
 northern_greece_area:0 "Північна Греція"
 northern_greece_area_name:0 "Фессалія"
 northern_greece_area_adj:0 "Фессальськ"
 thrace_area:0 "Фракія"
 thrace_area_name:0 "Фракія"
 thrace_area_adj:0 "Фракійськ"
 bulgaria_area:0 "Болгарія"
 bulgaria_area_name:0 "Болгарія"
 bulgaria_area_adj:0 "Болгарськ"
 wallachia_area:0 "Валахія"
 wallachia_area_name:0 "Валахія"
 wallachia_area_adj:0 "Валашськ"
 moldavia_area:0 "Молдавія"
 moldavia_area_name:0 "Молдавія"
 moldavia_area_adj:0 "Молдавськ"
 transylvania_area:0 "Трансільванія"
 transylvania_area_name:0 "Трансільванія"
 transylvania_area_adj:0 "Трансільванськ"
 southern_transylvania_area:0 "Southern Transylvania"
 southern_transylvania_area_name:0 "Kiralyföld"
 southern_transylvania_area_adj:0 "Kirali"
 slovakia_area:0 "Словаччина"
 slovakia_area_name:0 "Словаччина"
 slovakia_area_adj:0 "Словацьк"
 serbia_area:0 "Сербія"
 serbia_area_name:0 "Сербія"
 serbia_area_adj:0 "Сербськ"
 rascia_area:0 "Rascia"
 rascia_area_name:0 "Rascia"
 rascia_area_adj:0 "Rascian"
 albania_area:0 "Albania"
 albania_area_name:0 "Albania"
 albania_area_adj:0 "Albanian"
 bosnia_area:0 "Боснія"
 bosnia_area_name:0 "Боснія"
 bosnia_area_adj:0 "Босніськ"
 croatia_area:0 "Хорватія"
 croatia_area_name:0 "Хорватія"
 croatia_area_adj:0 "Хорватськ"
 east_adriatic_coast_area:0 "Східна Адріатика"
 east_adriatic_coast_area_name:0 "Далмація"
 east_adriatic_coast_area_adj:0 "Далмацьк"
 alfold_area:0 "Альфельд"
 alfold_area_name:0 "Дебрецен"
 alfold_area_adj:0 "Дебреценськ"
 transdanubia_area:0 "Задунав'я"
 transdanubia_area_name:0 "Задунав'я"
 transdanubia_area_adj:0 "Задунавськ"
 georgia_area:0 "Грузія"
 georgia_area_name:0 "Грузія"
 georgia_area_adj:0 "Грузинськ"
 odishi_area:0 "Odishi"
 odishi_area_name:0 "Imereti"
 odishi_area_adj:0 "Imeretian"
 armenia_area:0 "Вірменія"
 armenia_area_name:0 "Вірменія"
 armenia_area_adj:0 "Вірменськ"
 north_kurdistan_area:0 "Північний Курдистан"
 north_kurdistan_area_name:0 "Курдистан"
 north_kurdistan_area_adj:0 "Курдистанськ"
 shirvan_area:0 "Ширван"
 shirvan_area_name:0 "Ширван"
 shirvan_area_adj:0 "Ширванськ"
 circassia_area:0 "Черкесія"
 circassia_area_name:0 "Черкесія"
 circassia_area_adj:0 "Черкеськ"
 dagestan_area:0 "Дагестан"
 dagestan_area_name:0 "Дагестан"
 dagestan_area_adj:0 "Дагестанськ"
 rum_area:0 "Рум"
 rum_area_name:0 "Рум"
 rum_area_adj:0 "Румськ"
 erzurum_area:0 "Ерзерум"
 erzurum_area_name:0 "Ерзерум"
 erzurum_area_adj:0 "Ерзерумськ"
 karaman_area:0 "Караман"
 karaman_area_name:0 "Караман"
 karaman_area_adj:0 "Караманськ"
 hudavendigar_area:0 "Ходавендік'яр"
 hudavendigar_area_name:0 "Анкара"
 hudavendigar_area_adj:0 "Анкарськ"
 aydin_area:0 "Айдин"
 aydin_area_name:0 "Айдин"
 aydin_area_adj:0 "Айдинськ"
 kastamonu_area:0 "Кастамону"
 kastamonu_area_name:0 "Кастамону"
 kastamonu_area_adj:0 "Кастамонськ"
 aleppo_area:0 "Алеппо"
 aleppo_area_name:0 "Кілікія"
 aleppo_area_adj:0 "Кілікійськ"
 syria_area:0 "Сирія"
 syria_area_name:0 "Сирія"
 syria_area_adj:0 "Сирійськ"
 palestine_area:0 "Палестина"
 palestine_area_name:0 "Палестина"
 palestine_area_adj:0 "Палестинськ"
 dulkadir_area:0 "Дулкадір"
 dulkadir_area_name:0 "Дулкадір"
 dulkadir_area_adj:0 "Дулкадірськ"
 eastern_mediterrenean_islands_area:0 "Eastern Mediterranean Islands"
 eastern_mediterrenean_islands_area_name:0 "Rhodes"
 eastern_mediterrenean_islands_area_adj:0 "Rhodian"
 eastern_aegean_area:0 "Східні Егеїди"
 eastern_aegean_area_name:0 "Лесбос"
 eastern_aegean_area_adj:0 "Лесбоськ"
 western_aegean_area:0 "Західні Егеїди"
 western_aegean_area_name:0 "Евбея"
 western_aegean_area_adj:0 "Евбейськ"
 rakka_area:0 "Ракка"
 rakka_area_name:0 "Ракка"
 rakka_area_adj:0 "Раккськ"
 al_jazira_area:0 "Аль - Джазіра"
 al_jazira_area_name:0 "Аль - Джазіра"
 al_jazira_area_adj:0 "Аль-джазірськ"
 iraq_arabi_area:0 "Ірак"
 iraq_arabi_area_name:0 "Ірак"
 iraq_arabi_area_adj:0 "Іракськ"
 basra_area:0 "Басра"
 basra_area_name:0 "Басра"
 basra_area_adj:0 "Басрськ"
 south_kurdistan_area:0 "Південний Курдистан"
 south_kurdistan_area_name:0 "Шахризор"
 south_kurdistan_area_adj:0 "Шахризорськ"
 bahrain_area:0 "Бахрейн"
 bahrain_area_name:0 "Бахрейн"
 bahrain_area_adj:0 "Бахрейн"
 sarat_area:0 "Sarat"
 sarat_area_name:0 "Sarat"
 sarat_area_adj:0 "Sarati"
 pirate_coast_area:0 "Pirate Coast"
 pirate_coast_area_adj:0 "Bani Yas"
 pirate_coast_area_name:0 "Bani Yas"
 najd_area:0 "Недж"
 najd_area_name:0 "Недж"
 najd_area_adj:0 "Неджськ"
 hejaz_area:0 "Хіджаз"
 hejaz_area_name:0 "Хіджаз"
 hejaz_area_adj:0 "Хіджазськ"
 tabuk_area:0 "Tabuk"
 tabuk_area_name:0 "Tabuk"
 tabuk_area_adj:0 "Tabukian"
 yemen_area:0 "Ємен"
 yemen_area_name:0 "Ємен"
 yemen_area_adj:0 "Єменськ"
 hadramut_area:0 "Хадрамаут"
 hadramut_area_name:0 "Хадрамаут"
 hadramut_area_adj:0 "Хадрамаутськ"
 dhofar_area:0 "Dhofar"
 dhofar_area_name:0 "Dhofar"
 dhofar_area_adj:0 "Dhofari"
 oman_area:0 "Оман"
 oman_area_name:0 "Оман"
 oman_area_adj:0 "Оманськ"
 gharbia_area:0 "Гарбія"
 gharbia_area_name:0 "Александрія"
 gharbia_area_adj:0 "Александрійськ"
 sharqiya_area:0 "Синай"
 sharqiya_area_name:0 "Синай"
 sharqiya_area_adj:0 "Синайськ"
 central_egypt_area:0 "Центральний Єгипет"
 central_egypt_area_name:0 "Єгипет"
 central_egypt_area_adj:0 "Єгипетськ"
 upper_egypt_area:0 "Верхній Єгипет"
 upper_egypt_area_name:0 "Асуан"
 upper_egypt_area_adj:0 "Асуанськ"
 libyan_desert_area:0 "Лівійська пустеля"
 libyan_desert_area_name:0 "Харга"
 libyan_desert_area_adj:0 "Харганськ"
 cyrenaica_area:0 "Кіренаїка"
 cyrenaica_area_name:0 "Кіренаїка"
 cyrenaica_area_adj:0 "Кіренайськ"
 tripolitania_area:0 "Триполітанія"
 tripolitania_area_name:0 "Триполітанія"
 tripolitania_area_adj:0 "Триполітанськ"
 fezzan_area:0 "Феццан"
 fezzan_area_name:0 "Феццан"
 fezzan_area_adj:0 "Феццанськ"
 tunisia_area:0 "Тунніс"
 tunisia_area_name:0 "Тунніс"
 tunisia_area_adj:0 "Тунніськ"
 kabylia_area:0 "Кабілія"
 kabylia_area_name:0 "Кабілія"
 kabylia_area_adj:0 "Кабільськ"
 algiers_area:0 "Алжир"
 algiers_area_name:0 "Алжир"
 algiers_area_adj:0 "Алжирськ"
 hautes_plaines_area:0 "High Plains"
 hautes_plaines_area_name:0 "Titteri"
 hautes_plaines_area_adj:0 "Titterian"
 ouled_nail_area:0 "Ouled Nail"
 ouled_nail_area_name:0 "Ouled Nail"
 ouled_nail_area_adj:0 "Ouled Nail"
 djerba_area:0 "Djerba"
 djerba_area_name:0 "Djerba"
 djerba_area_adj:0 "Djerban"
 north_saharan_area:0 "Північна Сахара"
 north_saharan_area_name:0 "Джерид"
 north_saharan_area_adj:0 "Джеридськ"
 tafilalt_area:0 "Тафилальт"
 tafilalt_area_name:0 "Тафилальт"
 tafilalt_area_adj:0 "Тафилальтськ"
 sus_area:0 "Сус"
 sus_area_name:0 "Сус"
 sus_area_adj:0 "Суськ"
 marrekesh_area:0 "Маракеш"
 marrekesh_area_name:0 "Маракеш"
 marrekesh_area_adj:0 "Маракешськ"
 western_morocco_area:0 "Gharb"
 western_morocco_area_name:0 "Safi"
 western_morocco_area_adj:0 "Safian"
 southern_morocco_area:0 "Southern Morocco"
 southern_morocco_area_name:0 "Saadia"
 southern_morocco_area_adj:0 "Saadian"
 fez_area:0 "Фес"
 fez_area_name:0 "Фес"
 fez_area_adj:0 "Фесськ"
 northern_morocco_area:0 "Північне Марокко"
 northern_morocco_area_name:0 "Сеута"
 northern_morocco_area_adj:0 "Сеутськ"
 madagascar_area:0 "Мадагаскар"
 madagascar_area_name:0 "Мадагаскар"
 madagascar_area_adj:0 "Мадагаскарськ"
 bunyoro_area:0 "Bunyoro"
 bunyoro_area_name:0 "Bunyoro"
 bunyoro_area_adj:0 "Bunyoran"
 uganda_area:0 "Uganda"
 uganda_area_name:0 "Uganda"
 uganda_area_adj:0 "Ugandan"
 rwanda_area:0 "Rwanda"
 rwanda_area_name:0 "Rwanda"
 rwanda_area_adj:0 "Rwandan"
 jubba_area:0 "Jubba"
 jubba_area_name:0 "Jubba"
 jubba_area_adj:0 "Jubban"
 tanzania_area:0 "Tanzania"
 tanzania_area_name:0 "Tanzania"
 tanzania_area_adj:0 "Tanzanian"
 buha_area:0 "Buha"
 buha_area_name:0 "Buha"
 buha_area_adj:0 "Buhan"
 buzinza_area:0 "Buzinza"
 buzinza_area_name:0 "Buzinza"
 buzinza_area_adj:0 "Buzinzan"
 luba_area:0 "Luba"
 luba_area_name:0 "Luba"
 luba_area_adj:0 "Luban"
 katanga_area:0 "Shaba"
 katanga_area_name:0 "Katanga"
 katanga_area_adj:0 "Katangan"
 chokwe_area:0 "Chokwe"
 chokwe_area_name:0 "Chokwe"
 chokwe_area_adj:0 "Chokwan"
 zambia_area:0 "Zambia"
 zambia_area_name:0 "Zambia"
 zambia_area_adj:0 "Zambian"
 lower_zambezi_area:0 "Lower Zambezi"
 lower_zambezi_area_name:0 "Zambezi"
 lower_zambezi_area_adj:0 "Zambezi"
 upper_zambezi_area:0 "Upper Zambezi"
 upper_zambezi_area_name:1 "Nsenga"
 upper_zambezi_area_adj:1 "Nsengan"
 butua_area:0 "Butua"
 butua_area_name:0 "Butua"
 butua_area_adj:0 "Butuan"
 shire_area:0 "Shire"
 shire_area_name:0 "Malawi"
 shire_area_adj:0 "Malawian"
 coastal_kongo:0 "Kongolese Coast"
 coastal_kongo_name:0 "Soyo"
 coastal_kongo_adj:0 "Soyoan"
 lower_kasai:0 "Lower Kasai"
 lower_kasai_name:0 "Tyo"
 lower_kasai_adj:0 "Tyoan"
 sankuru_area:0 "Sankuru"
 sankuru_area_adj:0 "Sankuru"
 sankuru_area_name:0 "Sankuran"
 kasai_area:0 "Kasai"
 kasai_area_name:0 "Kasai"
 kasai_area_adj:0 "Kasian"
 matamba_area:0 "Matamba"
 matamba_area_name:0 "Matamba"
 matamba_area_adj:0 "Matamban"
 ngonde_area:0 "Ngonde"
 ngonde_area_adj:0 "Ngondian"
 ngonde_area_name:0 "Ngonde"
 uticulo_makuana_area:0 "Makuana"
 uticulo_makuana_area_name:0 "Makuana"
 uticulo_makuana_area_adj:0 "Makuanan"
 ruvuma_area:0 "Ruvuma"
 ruvuma_area_name:0 "Ruvuma"
 ruvuma_area_adj:0 "Ruvuman"
 zimbabwe_area:0 "Зімбабве"
 zimbabwe_area_name:0 "Зімбабве"
 zimbabwe_area_adj:0 "Зімбабвськ"
 mozambique_area:0 "Мозамбік"
 mozambique_area_name:0 "Мозамбік"
 mozambique_area_adj:0 "Мозамбікськ"
 central_swahili_coast_area:0 "Танганьїка"
 central_swahili_coast_area_name:0 "Занзібар"
 central_swahili_coast_area_adj:0 "Занзібарськ"
 mombasa_area:0 "Mombasa"
 mombasa_area_name:0 "Mombasa"
 mombasa_area_adj:0 "Mombasan"
 northern_swahili_coast_area:0 "Узбережжя Кенія"
 northern_swahili_coast_area_name:0 "Момбаса"
 northern_swahili_coast_area_adj:0 "Момбаськ"
 east_african_islands_area:0 "East African Islands"
 east_african_islands_area_name:0 "Kilwa"
 east_african_islands_area_adj:0 "Kilwan"
 ogaden_area:0 "Огаден"
 ogaden_area_name:0 "Огаден"
 ogaden_area_adj:0 "Огаденськ"
 darfur_central_sahara_area:0 "Центральна Сахара"
 darfur_central_sahara_area_name:0 "Дарфур"
 darfur_central_sahara_area_adj:0 "Дарфурськ"
 kurdufan_area:0 "Кордофан"
 kurdufan_area_name:0 "Кордофан"
 kurdufan_area_adj:0 "Кордофанськ"
 lower_nubia_area:0 "Нижня Нубія"
 lower_nubia_area_name:0 "Нубія"
 lower_nubia_area_adj:0 "Нубійськ"
 sennar_area:0 "Sennar"
 sennar_area_name:0 "Sennar"
 sennar_area_adj:0 "Sennari"
 dongola_area:0 "Dongola"
 dongola_area_name:0 "Dongola"
 dongola_area_adj:0 "Dongolan"
 upper_nubia_area:0 "Верхня Нубія"
 upper_nubia_area_name:0 "Алодія"
 upper_nubia_area_adj:0 "Алодійськ"
 red_sea_coast_area:0 "Узбережжя Червоного моря"
 red_sea_coast_area_name:0 "Мадрі Бахрі"
 red_sea_coast_area_adj:0 "Мадрібахрійськ"
 aussa_area:0 "Aussa"
 aussa_area_name:0 "Aussa"
 aussa_area_adj:0 "Aussan"
 tigray_area:0 "Тіграй"
 tigray_area_name:0 "Тіграй"
 tigray_area_adj:0 "Тіграйськ"
 damot_area:0 "Damot"
 damot_area_name:0 "Damot"
 damot_area_adj:0 "Damotian"
 shewa_area:0 "Shewa"
 shewa_area_name:0 "Shewa"
 shewa_area_adj:0 "Shewan"
 bete_amhara_area:0 "Bete Amhara"
 ifat_area:0 "Іфат"
 ifat_area_name:0 "Іфат"
 ifat_area_adj:0 "Іфатськ"
 somaliland_area:0 "Сомаліленд"
 somaliland_area_name:0 "Сомаліленд"
 somaliland_area_adj:0 "Сомалійськ"
 southern_ethiopia_area:0 "Каффа"
 southern_ethiopia_area_name:0 "Каффа"
 southern_ethiopia_area_adj:0 "Каффськ"
 hadiya_area:0 "Хадія"
 hadiya_area_name:0 "Хадія"
 hadiya_area_adj:0 "Хадійськ"
 central_ethiopia_area:0 "Центральна Ефіопія"
 central_ethiopia_area_name:0 "Ефіопія"
 central_ethiopia_area_adj:0 "Ефіопськ"
 mogadishu_area:0 "Могадишо"
 mogadishu_area_name:0 "Могадишо"
 mogadishu_area_adj:0 "Могадишськ"
 ajuuran_area:0 "Аджуран"
 ajuuran_area_name:0 "Аджуран"
 ajuuran_area_adj:0 "Аджуранськ"
 majarteen_area:0 "Маджартін"
 majarteen_area_name:0 "Маджартін"
 majarteen_area_adj:0 "Маджартінськ"
 mascarenes_area:0 "Маскарени"
 mascarenes_area_name:0 "Маскарени"
 mascarenes_area_adj:0 "Маскаренськ"
 indian_ocean_islands_area:0 "Острови Індійського океану"
 indian_ocean_islands_area_name:0 "Мальдіви"
 indian_ocean_islands_area_adj:0 "Мальдівськ"
 vogelkop_area:0 "Vogelkop Peninsula"
 vogelkop_area_name:0 "Vogelkop"
 vogelkop_area_adj:0 "Vogelkopian"
 papua_area:0 "Папуа"
 papua_area_nam:0 "Папуа"
 papua_area_adj:0 "Папуськ"
 melanesia_area:0 "Маланезія"
 melanesia_area_name:0 "Маланезія"
 melanesia_area_adj:0 "Маланезійськ"
 west_micronesia_area:0 "West Micronesia"
 west_micronesia_area_name:0 "Palau"
 west_micronesia_area_adj:0 "Palauan"
 micronesia_area:0 "Мікронезія"
 micronesia_area_name:0 "Мікронезія"
 micronesia_area_adj:0 "Мікронезійськ"
 western_australia_area:0 "Західна Австралія"
 western_australia_area_name:0 "Перт"
 western_australia_area_adj:0 "Пертськ"
 top_end_area:0 "Top End"
 top_end_area_name:0 "Australia"
 top_end_area_adj:0 "Australian"
 northern_australia_area:0 "Північна Австралія"
 northern_australia_area_name:0 "Австралія"
 northern_australia_area_adj:0 "Австралійськ"
 eastern_australia_area:0 "Східна Австралія"
 eastern_australia_area_name:0 "Квінсленд"
 eastern_australia_area_adj:0 "Квінслендськ"
 murray_river_area:0 "Murray River"
 murray_river_area_name:0 "Wergaia"
 murray_river_area_adj:0 "Wergaian"
 southern_australia_area:0 "Південна Австралія"
 southern_australia_area_name:0 "Вікторія"
 southern_australia_area_adj:0 "Південно-австралійськ"
 eastern_polynesia_area:0 "Eastern Polynesia"
 eastern_polynesia_area_name:0 "Tahiti"
 eastern_polynesia_area_adj:0 "Tahitian"
 northern_polynesia_area:0 "Northern Polynesia"
 northern_polynesia_area_name:0 "Hawaii"
 northern_polynesia_area_adj:0 "Hawaiian"
 polynesia_area:0 "Полінезія"
 polynesia_area_name:0 "Полінезія"
 polynesia_area_adj:0 "Полінезійськ"
 te_ika_a_maui_area:0 "Те Іка а Майї"
 te_ika_a_maui_area_name:0 "Те Іка а Майї"
 te_ika_a_maui_area_adj:0 "Маорійськ"
 te_waipounamu_area:0 "Те Вайпоунау"
 te_waipounamu_area_name:0 "Те Вайпоунау"
 te_waipounamu_area_adj:0 "Маорійськ"
 western_sahara_area:0 "Західна Сахара"
 western_sahara_area_name:0 "Азавад"
 western_sahara_area_adj:0 "Азавадськ"
 cap_verde_area:0 "Кабо - Верде"
 cap_verde_area_name:0 "Кабо - Верде"
 cap_verde_area_adj:0 "Кабовердеськ"
 jolof_area:0 "Jolof"
 jolof_area_name:0 "Jolof"
 jolof_area_adj:0 "Jolofian"
 tekrur_area:0 "Текрур"
 tekrur_area_name:0 "Текрур"
 tekrur_area_adj:0 "Текрурськ"
 baghena_area:0 "Багена"
 baghena_area_name:0 "Багена"
 baghena_area_adj:0 "Багенськ"
 manding_area:0 "Мандінго"
 manding_area_name:0 "Мандінго"
 manding_area_adj:0 "Мандінгськ"
 futa_jallon_area:0 "Фута Джалон"
 futa_jallon_area_name:0 "Фута Джалон"
 futa_jallon_area_adj:0 "Футаджалонськ"
 jenne_area:0 "Jenne"
 jenne_area_name:0 "Jenne"
 jenne_area_adj:0 "Jennean"
 massina_area:0 "Массіна"
 massina_area_name:0 "Массіна"
 massina_area_adj:0 "Массінськ"
 niger_bend_area:0 "Тімбукту"
 niger_bend_area_name:0 "Тімбукту"
 niger_bend_area_adj:0 "Тімбуктуськ"
 upper_volta_area:0 "Верхня Вольта"
 upper_volta_area_name:0 "Буркіна - Фасо"
 upper_volta_area_adj:0 "Буркінофасськ"
 kong_area:0 "Конг"
 kong_area_name:0 "Конг"
 kong_area_adj:0 "Конгськ"
 lower_volta_area:0 "Нижня Вольта"
 lower_volta_area_name:0 "Вольта"
 lower_volta_area_adj:0 "Вольтськ"
 lower_niger_area:0 "Нижній Нігер"
 lower_niger_area_name:0 "Ондо"
 lower_niger_area_adj:0 "Ондонськ"
 hausa_area:0 "Хауса"
 hausa_area_name:0 "Хауса"
 hausa_area_adj:0 "Хауськ"
 katsina_area:0 "Katsina"
 katsina_area_name:0 "Katsina"
 katsina_area_adj:0 "Katsinan"
 zazzau_area:0 "Zazzau"
 zazzau_area_name:0 "Zazzau"
 zazzau_area_adj:0 "Zazzauan"
 bornu_area:0 "Борну"
 bornu_area_name:0 "Борну"
 bornu_area_adj:0 "Борнськ"
 kanem_area:0 "Канем"
 kanem_area_name:0 "Канем"
 kanem_area_adj:0 "Канемськ"
 adamawa_plateau_area:0 "Адамава"
 adamawa_plateau_area_name:0 "Йола"
 adamawa_plateau_area_adj:0 "Йолськ"
 dendi_area:0 "Денді"
 dendi_area_name:0 "Денді"
 dendi_area_adj:0 "Дендійськ"
 azbin_area:0 "Азбін"
 azbin_area_name:0 "Азбін"
 azbin_area_adj:0 "Азбінськ"
 east_azbin_area:0 "East Azbin"
 east_azbin_area_name:0 "Azbin"
 east_azbin_area_adj:0 "Azbini"
 atacora_oueme_area:0 "Атакора Уеме"
 atacora_oueme_area_name:0 "Дагомея"
 atacora_oueme_area_adj:0 "Дагомейськ"
 benin_area:0 "Benin"
 benin_area_name:0 "Benin"
 benin_area_adj:0 "Beninese"
 gulf_of_guinea_area:0 "Гвінейська затока"
 gulf_of_guinea_area_name:0 "Бенін"
 gulf_of_guinea_area_adj:0 "Бенінськ"
 west_africa_coast_area:0 "Західно-Африканське узбережжя"
 west_africa_coast_area_name:0 "Золотий берег"
 west_africa_coast_area_adj:0 "Золот. берег"
 guinea_coast_area:0 "Гвінея"
 guinea_coast_area_name:0 "Гвінея"
 guinea_coast_area_adj:0 "Гвінейськ"
 south_atlantic_islands_area:0 "Острови Південної Атлантики"
 south_atlantic_islands_area_name:0 "Трістан-да-Кунья"
 south_atlantic_islands_area_adj:0 "Трістанськ"
 kongo_area:0 "Конго"
 kongo_area_name:0 "Конго"
 kongo_area_adj:0 "Конголезськ"
 angola_namibia_area:0 "Ангола"
 angola_namibia_area_name:0 "Ангола"
 angola_namibia_area_adj:0 "Ангольськ"
 west_congo_area:0 "Західне Конго"
 west_congo_area_name:0 "Лоанго"
 west_congo_area_adj:0 "Лоангськ"
 cape_of_good_hope_area:0 "Мис Доброї Надії"
 cape_of_good_hope_area_name:0 "Мис"
 cape_of_good_hope_area_adj:0 "Мис Доброї Надії"
 south_african_plateau_area:0 "Південно-Африканське плоскогір'я"
 south_african_plateau_area_name:0 "Південна Африка"
 south_african_plateau_area_adj:0 "Південно-Африканськ"
 makran_area:0 "Макран"
 makran_area_name:0 "Макран"
 makran_area_adj:0 "Макранськ"
 sistan_area:0 "Сістан"
 sistan_area_name:0 "Сістан"
 sistan_area_adj:0 "Сістанськ"
 kalat_area:0 "Калат"
 kalat_area_name:0 "Калат"
 kalat_area_adj:0 "Калатськ"
 ferghana_area:0 "Фергана"
 ferghana_area_name:0 "Фергана"
 ferghana_area_adj:0 "Ферганськ"
 arys_area:0 "Арись"
 arys_area_name:0 "Арись"
 arys_area_adj:0 "Ариськ"
 kabulistan_area:0 "Кабулістан"
 kabulistan_area_name:0 "Кабулістан"
 kabulistan_area_adj:0 "Кабулістанськ"
 ghor_area:0 "Гор"
 ghor_area_name:0 "Гор"
 ghor_area_adj:0 "Горськ"
 kyzylkum_area:0 "Kyzylkum"
 kyzylkum_area_name:0 "Turkestan"
 kyzylkum_area_adj:0 "Turkestani"
 transoxiana_area:0 "Трансоксанія"
 transoxiana_area_name:0 "Трансоксанія"
 transoxiana_area_adj:0 "Трансоксанськ"
 khiva_area:0 "Хіва"
 khiva_area_name:0 "Хіва"
 khiva_area_adj:0 "Хівінськ"
 transcaspia_area:0 "Транскаспій"
 transcaspia_area_name:0 "Туркменістан"
 transcaspia_area_adj:0 "Туркменськ"
 khorasan_area:0 "Хорасан"
 khorasan_area_name:0 "Хорасан"
 khorasan_area_adj:0 "Хорасанськ"
 merv_area:0 "Мерв"
 merv_area_name:0 "Мерв"
 merv_area_adj:0 "Мервськ"
 luristan_area:0 "Лурістан"
 luristan_area_name:0 "Лурістан"
 luristan_area_adj:0 "Лурістанськ"
 balkh_area:0 "Балх"
 balkh_area_name:0 "Балх"
 balkh_area_adj:0 "Балхськ"
 kerman_area:0 "Керман"
 kerman_area_name:0 "Керман"
 kerman_area_adj:0 "Керманськ"
 persian_gulf_coast:0 "Gulf Coast"
 persian_gulf_coast_name:0 "Ormuz"
 persian_gulf_coast_adj:0 "Ormuzi"
 farsistan_area:0 "Фарсістан"
 farsistan_area_name:0 "Фарсістан"
 farsistan_area_adj:0 "Фарсістанськ"
 iraq_e_ajam_area:0 "Аракі-Аджам"
 iraq_e_ajam_area_name:0 "Персія"
 iraq_e_ajam_area_adj:0 "Перськ"
 isfahan_area:0 "Ісфахан"
 isfahan_area_name:0 "Ісфахан"
 isfahan_area_adj:0 "Ісфаханськ"
 azerbaijan_area:0 "Азербайджан"
 azerbaijan_area_name:0 "Азербайджан"
 azerbaijan_area_adj:0 "Азербайджанськ"
 tabriz_area:0 "Tabriz"
 tabriz_area_name:0 "Tabriz"
 tabriz_area_adj:0 "Tabrizian"
 tabarestan_area:0 "Табаристан"
 tabarestan_area_name:0 "Табаристан"
 tabarestan_area_adj:0 "Табаристанськ"
 upper_doab_area:0 "Верхній Доаб"
 upper_doab_area_name:0 "Делі"
 upper_doab_area_adj:0 "Делійськ"
 sirhind_area:0 "Сірхінд"
 sirhind_area_name:0 "Сірхінд"
 sirhind_area_adj:0 "Сірхіндськ"
 central_doab_area:0 "Центральний Доаб"
 central_doab_area_name:0 "Агра"
 central_doab_area_adj:0 "Агрськ"
 oudh_area:0 "Ауд"
 oudh_area_name:0 "Ауд"
 oudh_area_adj:0 "Аудськ"
 purvanchal_area:0 "Пурванчал"
 purvanchal_area_name:0 "Джаунгпур"
 purvanchal_area_adj:0 "Джаунгпурськ"
 lower_doab_area:0 "Нижній Доаб"
 lower_doab_area_name:0 "Калпі"
 lower_doab_area_adj:0 "Калпійськ"
 lahore_area:0 "Лахор"
 lahore_area_name:0 "Лахор"
 lahore_area_adj:0 "Лахорськ"
 multan_area:0 "Мултан"
 multan_area_name:0 "Мултан"
 multan_area_adj:0 "Мултанськ"
 west_bengal_area:0 "Західна Бенгалія"
 west_bengal_area_name:0 "Бенгалія"
 west_bengal_area_adj:0 "Бенгальськ"
 naga_hills_area:0 "Нага"
 naga_hills_area_name:0 "Нагаленд"
 naga_hills_area_adj:0 "Наганськ"
 east_bengal_area:0 "Східна Бенгалія"
 east_bengal_area_name:0 "Тріпура"
 east_bengal_area_adj:0 "Тріпурськ"
 north_bengal_area:0 "Північна Бенгалія"
 north_bengal_name:0 "Баринд"
 north_bengal_adj:0 "Бариндськ"
 bihar_area:0 "Біхар"
 bihar_area_name:0 "Біхар"
 bihar_area_adj:0 "Біхарськ"
 jharkhand_area:0 "Джаркханд"
 jharkhand_area_name:0 "Джаркханд"
 jharkhand_area_adj:0 "Джаркхандськ"
 gondwana_area:0 "Гондвана"
 gondwana_area_name:0 "Гондвана"
 gondwana_area_adj:0 "Гондванськ"
 orissa_area:0 "Орісса"
 orissa_area_name:0 "Орісса"
 orissa_area_adj:0 "Орісськ"
 garjat_area:0 "Гарджат"
 garjat_area_name:0 "Гарджат"
 garjat_area_adj:0 "Гарджатськ"
 telingana_area:0 "Телангана"
 telingana_area_name:0 "Телангана"
 telingana_area_adj:0 "Теланганськ"
 andhra_area:0 "Андхра"
 andhra_area_name:0 "Андхра"
 andhra_area_adj:0 "Андхрськ"
 rayalaseema_area:0 "Раяласима"
 rayalaseema_area_name:0 "Віджаянагар"
 rayalaseema_area_adj:0 "Віджаянагарськ"
 kerala_area:0 "Керала"
 kerala_area_name:0 "Малабар"
 kerala_area_adj:0 "Малабарськ"
 malwa_area:0 "Малва"
 malwa_area_name:0 "Малва"
 malwa_area_adj:0 "Малвськ"
 mewar_area:0 "Мевар"
 mewar_area_name:0 "Мевар"
 mewar_area_adj:0 "Меварськ"
 marwar_area:0 "Марвар"
 marwar_area_name:0 "Марвар"
 marwar_area_adj:0 "Марварськ"
 jaipur_area:0 "Джайпур"
 jaipur_area_name:0 "Джайпур"
 jaipur_area_adj:0 "Джайпурськ"
 sindh_area:0 "Сінд"
 sindh_area_name:0 "Сінд"
 sindh_area_adj:0 "Сіндськ"
 carnatic_area:0 "Карнатік"
 carnatic_area_name:0 "Карнатік"
 carnatic_area_adj:0 "Карнатікськ"
 coromandel_area:0 "Коромандел"
 coromandel_area_name:0 "Коромандел"
 coromandel_area_adj:0 "Короманделськ"
 madura_area:0 "Мадура"
 madura_area_name:0 "Мадурай"
 madura_area_adj:0 "Мадурськ"
 konkan_area:0 "Конкан"
 konkan_area_name:0 "Чол"
 konkan_area_adj:0 "Чольськ"
 kanara_area:0 "Канара"
 kanara_area_name:0 "Канара"
 kanara_area_adj:0 "Каннарськ"
 maidan_area:0 "Майдан"
 maidan_area_name:0 "Бірджапур"
 maidan_area_adj:0 "Бірджапурськ"
 mysore_area:0 "Майсур"
 mysore_area_name:0 "Майсур"
 mysore_area_adj:0 "Майсурськ"
 maharashtra_area:0 "Махараштра"
 maharashtra_area_name:0 "Махараштра"
 maharashtra_area_adj:0 "Махараштрськ"
 desh_area:0 "Деш"
 desh_area_name:0 "Пуна"
 desh_area_adj:0 "Пунськ"
 assam_area:0 "Ассам"
 assam_area_name:0 "Ассам"
 assam_area_adj:0 "Ассамськ"
 himalayan_hills_area:0 "Схили Гімалії"
 himalayan_hills_area_name:0 "Гархвал"
 himalayan_hills_area_adj:0 "Гархвалськ"
 nepalese_area:0 "Непал"
 nepalese_area_name:0 "Непал"
 nepalese_area_adj:0 "Непалськ"
 kashmir_area:0 "Кашмір"
 kashmir_area_name:0 "Кашмір"
 kashmir_area_adj:0 "Кашмірськ"
 lanka_area:0 "Шрі - Ланка"
 lanka_area_name:0 "Ланка"
 lanka_area_adj:0 "Шрі - Ланка"
 gujarat_area:0 "Гуджарат"
 gujarat_area_name:0 "Гуджарат"
 gujarat_area_adj:0 "Гуджаратськ"
 tapti_area:0 "Тапті"
 tapti_area_name:0 "Барода"
 tapti_area_adj:0 "Бародськ"
 saurashtra_area:0 "Саураштра"
 saurashtra_area_name:0 "Саураштра"
 saurashtra_area_adj:0 "Саураштрськ"
 upper_burma_area:0 "Верхня Бірма"
 upper_burma_area_name:0 "Ава"
 upper_burma_area_adj:0 "Аванськ"
 lower_burma_area:0 "Нижня Бірма"
 lower_burma_area_name:0 "Бірма"
 lower_burma_area_adj:0 "Бірмнськ"
 kachin_area:0 "Качин"
 kachin_area_name:0 "Качин"
 kachin_area_adj:0 "Качинськ"
 shan_hill_area:0 "Шанське Нагір'я"
 shan_hill_area_adj:0 "Шан"
 shan_hill_area_name:0 "Шанськ"
 karenni_area:0 "Karenni"
 karenni_area_name:0 "Karreni"
 karenni_area_adj:0 "Karreni"
 arakan_area:0 "Rakhine"
 arakan_area_name:0 "Arakan"
 arakan_area_adj:0 "Arakanese"
 malaya_area:0 "Малайя"
 malaya_area_name:0 "Малайя"
 malaya_area_adj:0 "Малайськ"
 khorat_area:0 "Кхорат"
 khorat_area_name:0 "Кхорат"
 khorat_area_adj:0 "Кхоратськ"
 champa_area:0 "Чампа"
 champa_area_name:0 "Чампа"
 champa_area_adj:0 "Чампськ"
 cambodia_area:0 "Камбоджа"
 cambodia_area_name:0 "Камбоджа"
 cambodia_area_adj:0 "Камбоджійськ"
 mekong_area:0 "Меконг"
 mekong_area_name:0 "Пномпень"
 mekong_area_adj:0 "Меконгськ"
 malacca_area:0 "Malacca"
 malacca_area_name:0 "Malacca"
 malacca_area_adj:0 "Malaccan"
 tenasserim_area:0 "Танассерім"
 tenasserim_area_name:0 "Лігор"
 tenasserim_area_adj:0 "Лігорськ"
 north_tenasserim_area:0 "North Tenasserim"
 north_tenasserim_area_name:0 "Ratchaburi"
 north_tenasserim_area_adj:0 "Ratchaburi"
 red_river_delta_area:0 "Sông Hông"
 red_river_delta_area_name:0 "Vietnam"
 red_river_delta_area_adj:0 "Vietnamese"
 vietnam_area:0 "В'єтнам"
 vietnam_area_name:0 "В'єтнам"
 vietnam_areaadj:0 "В'єтнамськ"
 south_laos_area:0 "Південний Лаос"
 south_laos_area_name:0 "В'єнтьян"
 south_laos_area_adj:0 "В'єнтьянськ"
 north_laos_area:0 "Північний Лаос"
 north_laos_area_name:0 "Луанг Прабанг"
 north_laos_area_adj:0 "Луангпрабангськ"
 central_thai_area:0 "Центральний Таїланд"
 central_thai_area_name:0 "Аюттхаю"
 central_thai_area_adj:0 "Аюттхайськ"
 northern_thai_area:0 "Північний Таїланд"
 northern_thai_area_name:0 "Ланна"
 northern_thai_area_adj:0 "Ланнськ"
 great_moluccas_area:0 "Південні Філіппіни"
 great_moluccas_area_name:0 "Магинданао"
 great_moluccas_area_adj:0 "Магинданагськ"
 luzon_area:0 "Північні Філіппіни"
 luzon_area_name:0 "Лусон"
 luzon_area_adj:0 "Лусонськ"
 mindanao_area:0 "Mindanao"
 mindanao_area_name:0 "Mindanao"
 mindanao_area_adj:0 "Mindanaoan"
 north_sumatra_area:0 "Північний Суматра"
 north_sumatra_area_name:0 "Ламурі"
 north_sumatra_area_adj:0 "Ламурійськ"
 batak_area:0 "Batak"
 batak_area_name:0 "Batak"
 batak_area_adj:0 "Bataki"
 central_sumatra_area:0 "Центральнa Суматра"
 central_sumatra_area_name:0 "Джамбі"
 central_sumatra_area_adj:0 "Джамбійськ"
 minangkabau_area:0 "Minangkabau"
 minangkabau_area_name:0 "Minangkabau"
 minangkabau_area_adj:0 "Minangkabaun"
 south_sumatra_area:0 "Південний Суматра"
 south_sumatra_area_name:0 "Бенкулу"
 south_sumatra_area_adj:0 "Бенкулськ"
 indonesian_islands_area:0 "Indonesian Islands"
 indonesian_islands_area_name:0 "Indonesian Islands"
 indonesian_islands_area_adj:0 "Indonesian"
 east_java_area:0 "Східний Ява"
 east_java_area_name:0 "Кедірі"
 east_java_area_adj:0 "Кедірськ"
 central_java_area:0 "Центральний Ява"
 central_java_area_name:0 "Демак"
 central_java_area_adj:0 "Демакськ"
 west_java_area:0 "Західний Ява"
 west_java_area_name:0 "Сунда"
 west_java_area_adj:0 "Сунданськ"
 kutai_area:0 "Кутай"
 kutai_area_name:0 "Кутай"
 kutai_area_adj:0 "Кутайськ"
 brunei_area:0 "Бруней"
 brunei_area_name:0 "Бруней"
 brunei_area_adj:0 "Брунейськ"
 kalimantan_area:0 "Калімантан"
 kalimantan_area_name:0 "Калімантан"
 kalimantan_area_adj:0 "Калімантанськ"
 spice_islands_area:0 "Spice Islands"
 spice_islands_area_name:0 "Tidore"
 spice_islands_area_adj:0 "Tidoran"
 ceram_area:0 "Ceram"
 ceram_area_name:0 "Ceram"
 ceram_area_adj:0 "Ceramese"
 molluca_area:0 "Молуккські острови"
 molluca_area_name:0 "Тернаре"
 molluca_area_adj:0 "Тернарськ"
 lesser_sunda_islands_area:0 "Малі Зондські острови"
 lesser_sunda_islands_area_name:0 "Тімор"
 lesser_sunda_islands_area_adj:0 "Тіморськ"
 timor_area:0 "Timor"
 timor_area_name:0 "Timor"
 timor_area_adj:0 "Timoran"
 sulawesi_area:0 "Сулавесі"
 sulawesi_area_name:0 "Макассар"
 sulawesi_area_adj:0 "Макассарськ"
 south_sulawesi_area:0 "South Sulawesi"
 south_sulawesi_area_name:0 "Makassar"
 south_sulawesi_area_adj:0 "Makassari"
 amnok_area:0 "Amnok"
 amnok_area_name:0 "Amnok"
 amnok_area_adj:0 "Amnokian"
 north_korea_area:0 "Північна Корея"
 north_korea_area_name:0 "Пхенан"
 north_korea_area_adj:0 "Пхенанськ"
 central_korea_area:0 "Центральна Корея"
 central_korea_area_name:0 "Корея"
 central_korea_area_adj:0 "Корейськ"
 south_korea_area:0 "Південна Корея"
 south_korea_area_name:0 "Чолла"
 south_korea_area_adj:0 "Чолланськ"
 hokkaido_area:0 "Хоккайдо"
 hokkaido_area_name:0 "Хоккайдо"
 hokkaido_area_adj:0 "Хоккайдськ"
 kyushu_area:0 "Кюсю"
 kyushu_area_name:0 "Кюсю"
 kyushu_area_adj:0 "Кюсюсськ"
 chubu_area:0 "Тюбу"
 chubu_area_name:0 "Тюбу"
 chubu_area_adj:0 "Тюбуськ"
 thohoku_area:0 "Tohoku"
 thohoku_area_name:0 "Tohoku"
 thohoku_area_adj:0 "Tohokuan"
 hokuriku_area:0 "Hokuriku"
 hokuriku_name:0 "Hokuriku"
 hokuriku_adj:0 "Hokuriku"
 kinai_area:0 "Kinai"
 kinai_area_name:0 "Kinai"
 kinai_area_adj:0 "Kinai"
 kanto_thoku_area:0 "Тохоку"
 kanto_thoku_area_name:0 "Канто"
 kanto_thoku_area_adj:0 "Кантськ"
 east_china_sea_islands_area:0 "East China Sea Islands"
 east_china_sea_islands_area_name:0 "Ryukyu"
 east_china_sea_islands_area_adj:0 "Ryukyuan"
 kolyma_area:0 "Kolyma"
 kolyma_area_name:0 "Kolyma"
 kolyma_area_adj:0 "Kolyman"
 kansai_area:0 "Кансай"
 kansai_area_name:0 "Кансай"
 kansai_area_adj:0 "Кансайськ"
 sanindo_area:0 "San'indo"
 sanindo_area_name:0 "San'indo"
 sanindo_area_adj:0 "San'indoan"
 saigoku_area:0 "Saigoku"
 saigoku_area_name:0 "Saigoku"
 saigoku_area_adj:0 "Saigokuan"
 chugoku_area:0 "Тюгоку"
 chugoku_area_name:0 "Тюгоку"
 chugoku_area_adj:0 "Тюгокуськ"
 kamchatka_area:0 "Камчатка"
 kamchatka_area_name:0 "Камчатка"
 kamchatka_area_adj:0 "Камчаткськ"
 magadan_area:0 "Магадан"
 magadan_area_name:0 "Магадан"
 magadan_area_adj:0 "Магаданськ"
 okhotsk_area:0 "Охотськ"
 okhotsk_area_name:0 "Охотськ"
 okhotsk_area_adj:0 "Охотськ"
 yakutia_area:0 "Якутія"
 yakutia_area_name:0 "Якутія"
 yakutia_area_adj:0 "Якутськ"
 sakha_area:0 "Sakha"
 sakha_area_name:0 "Sakha"
 sakha_area_adj:0 "Sakhan"
 buryatia_area:0 "Бурятія"
 buryatia_area_name:0 "Бурятія"
 buryatia_area_adj:0 "Бурятськ"
 tunguska_area:0 "Тунгуска"
 tunguska_area_name:0 "Тунгуска"
 tunguska_area_adj:0 "Тунгусськ"
 central_siberia_area:0 "Центральний Сибір"
 central_siberia_area_name:0 "Сибір"
 central_siberia_area_adj:0 "Сибірськ"
 kara_area:0 "Kara"
 kara_area_name:0 "Kara"
 kara_area_adj:0 "Karan"
 ob_area:0 "Об"
 ob_area_name:0 "Ряба Орда"
 ob_area_adj:0 "Ряба Орда"
 irkutsk_area:0 "Іркутськ"
 irkutsk_area_name:0 "Іркутськ"
 irkutsk_area_adj:0 "Іркутськ"
 perm_area:0 "Перм"
 perm_area_name:0 "Перм"
 perm_area_adj:0 "Пермськ"
 balchasj_area:0 "Балхаш"
 balchasj_area_name:0 "Надим"
 balchasj_area_adj:0 "Надимськ"
 syr_darya_area:0 "Syr Darya"
 syr_darya_area_name:0 "Darya"
 syr_darya_area_adj:0 "Daryan"
 kazakhstan_area:0 "Казахстан"
 kazakhstan_area_name:0 "Казахстан"
 kazakhstan_area_adj:0 "Казахстанськ"
 yrtesh_area:0 "Іртиш"
 yrtesh_area_name:0 "Керей"
 yrtesh_area_adj:0 "Керейськ"
 ishim_area:0 "Ішим"
 ishim_area_name:0 "Тюмень"
 ishim_area_adj:0 "Тюменськ"
 heilongjiang_area:0 "Хейлундзян"
 heilongjiang_area_name:0 "Хейлундзян"
 heilongjiang_area_adj:0 "Хейлундзянськ"
 east_heilongjiang_area:0 "East Heilongjiangord"
 east_heilongjiang_area_name:0 "Yeren"
 east_heilongjiang_area_adj:0 "Yereni"
 jilin_area:0 "Цзільнь"
 jilin_area_name:0 "Цзільнь"
 jilin_area_adj:0 "Цзільнськ"
 central_jilin_area:0 "Central Jilin"
 central_jilin_area_name:0 "Ilan Hala"
 central_jilin_area_adj:0 "Ilan Halan"
 ilan_hala_area:0 "Ілін Хала"
 ilan_hala_area_name:0 "Ілін Хала"
 ilan_hala_area_adj:0 "Ілін Хальськ"
 liaoning_area:0 "Ляонін"
 liaoning_area_name:0 "Ляонін"
 liaoning_area_adj:0 "Ляонінськ"
 ordos_area:0 "Ордос"
 ordos_area_name:0 "Ордос"
 ordos_area_adj:0 "Ордоськ"
 inner_mongolia_area:0 "Внутрішня Монголія"
 inner_mongolia_area_name:0 "Чахар"
 inner_mongolia_area_adj:0 "Чахарськ"
 outer_mongolia_area:0 "Зовнішня Монголія"
 outer_mongolia_area_name:0 "Монголія"
 outer_mongolia_area_adj:0 "Монгольськ"
 eastern_mongolia:0 "Eastern Mongolia"
 eastern_mongolia_name:0 "Jirem"
 eastern_mongolia_adj:0 "Jiremi"
 central_mongolia_area:0 "Central Mongolia"
 central_mongolia_area_name:0 "Qaraqorum"
 central_mongolia_area_adj:0 "Qaraqorumi"
 altai_sayan_area:0 "Саяни"
 altai_sayan_area_name:0 "Саяни"
 altai_sayan_area_adj:0 "Саянськ"
 sayan_area:0 "Sayan"
 sayan_area_name:0 "Sayan"
 sayan_area_area:0 "Sayani"
 kashgaria_area:0 "Kashgaria"
 kashgaria_area_name:0 "Kashgaria"
 kashgaria_area_adj:0 "Kashgarian"
 tarim_basin_area:0 "Альтішахр"
 tarim_basin_area_name:0 "Альтішахр"
 tarim_basin_area_adj:0 "Альтішахрськ"
 zungaria_area:0 "Джунгарія"
 zungaria_area_name:0 "Джунгарія"
 zungaria_area_adj:0 "Джунгарськ"
 north_zungaria:0 "North Zungaria"
 north_zungaria_name:0 "Urzhar"
 north_zungaria_adj:0 "Urzhari"
 jetysuu_area:0 "Жетису"
 jetysuu_area_name:0 "Жетису"
 jetysuu_area_adj:0 "Жетисськ"
 amdo_area:0 "Амдо"
 amdo_area_name:0 "Амдо"
 amdo_area_adj:0 "Амдоськ"
 kham_area:0 "Хам"
 kham_area_name:0 "Хам"
 kham_area_adj:0 "Хамськ"
 tsang_area:0 "Tsang"
 tsang_area_name:0 "Tsang"
 tsang_area_adj:0 "Tsang"
 utsang_area:0 "У - Цанг"
 utsang_area_name:0 "У - Цанг"
 utsang_area_adj:0 "Тібетськ"
 south_hebei_area:0 "South Hebei"
 south_hebei_area_name:0 "Hejian"
 south_hebei_area_adj:0 "Hejiani"
 hebei_area:0 "Хебей"
 hebei_area_name:0 "Хебей"
 hebei_area_adj:0 "Хебейськ"
 shandong_area:0 "Шаньдун"
 shandong_area_name:0 "Шаньдун"
 shandong_area_adj:0 "Шаньдунськ"
 jiangsu_area:0 "Цзянсу"
 jiangsu_area_name:0 "Цзянсу"
 jiangsu_area_adj:0 "Цзянсуськ"
 south_jiangsu_area:0 "South Jiangsu"
 south_jiangsu_area_name:0 "Nanjing"
 south_jiangsu_area_adj:0 "Nanjingi"
 anhui_area:0 "Аньхой"
 anhui_area_name:0 "Аньхой"
 anhui_area_adj:0 "Аньхойськ"
 south_anhui_area:0 "South Anhui"
 south_anhui_area_name:0 "Anqing"
 south_anhui_area_adj:0 "Anqingi"
 zhejiang_area:0 "Чжецзян"
 zhejiang_area_name:0 "Чжецзян"
 zhejiang_area_adj:0 "Чжецзянськ"
 jiangxi_area:0 "Цзянсі"
 jiangxi_area_name:0 "Цзянсі"
 jiangxi_area_adj:0 "Цзянсійськ"
 fujian_area:0 "Фудзянь"
 fujian_area_name:0 "Фудзянь"
 fujian_area_adj:0 "Фудзянськ"
 taiwan_area:0 "Тайвань"
 taiwan_area_name:0 "Тайвань"
 taiwan_area_adj:0 "Тайванськ"
 guangdong_area:0 "Гуандун"
 guangdong_area_name:0 "Гуандун"
 guangdong_area_adj:0 "Гуандунськ"
 west_guangdong_area:0 "West Guangdong"
 west_guangdong_area_name:0 "Limchow"
 west_guangdong_area_adj:0 "Limchowian"
 guangxi_area:0 "Гуансі"
 guangxi_area_name:0 "Гуансі"
 guangxi_area_adj:0 "Гуансійськ"
 yun_gui_area:0 "Юньнань"
 yun_gui_area_name:0 "Юньнань"
 yun_gui_area_adj:0 "Юньнанськ"
 yun_gui_borderland_area:0 "Yun-Gui Frontier"
 yun_gui_borderland_area_name:0 "Dali"
 yun_gui_borderland_area_adj:0 "Dalian"
 sichuan_area:0 "Сичуань"
 sichuan_area_name:0 "Сичуань"
 sichuan_area_adj:0 "Сичуаньськ"
 huguang_area:0 "Хугуан"
 huguang_area_name:0 "Хугуан"
 huguang_area_adj:0 "Хугуанськ"
 huguang_area:0 "Hubei"
 huguang_area_name:0 "Huguang"
 huguang_area_adj:0 "Huguangese"
 hunan_area:0 "Hunan"
 hunan_area_name:0 "Hunan"
 hunan_area_adj:0 "Hunani"
 north_henan_area:0 "North Henan"
 north_henan_area_name:0 "Kaifeng"
 north_henan_area_adj:0 "Kaifengi"
 henan_area:0 "Хенань"
 henan_area_name:0 "Хенань"
 henan_area_adj:0 "Хенаньськ"
 shanxi_area:0 "Шаньсі"
 shanxi_area_name:0 "Шаньсі"
 shanxi_area_adj:0 "Шаньсійськ"
 shaanxi_area:0 "Шеньсі"
 shaanxi_area_name:0 "Шеньсі"
 shaanxi_area_adj:0 "Шеньсійськ"
 gansu_area:0 "Ганьсу"
 gansu_area_name:0 "Ганьсу"
 gansu_area_adj:0 "Ганьсуйськ"
 west_gansu_area:0 "West Gansu"
 west_gansu_area_name:0 "Yumen"
 west_gansu_area_adj:0 "Yumeni"
 rio_grande_do_sol_area:0 "Ріу-Гранді-ду-Сул"
 rio_grande_do_sol_area_name:0 "Бразилія"
 rio_grande_do_sol_area_adj:0 "Бразилиськ"
 diamantina_area:0 "Diamantina"
 diamantina_area_name:0 "Diamantina"
 diamantina_area_adj:0 "Diamantine"
 minas_gerais_area:0 "Мінас-Жерайс"
 minas_gerais_area_name:0 "Діамантіна"
 minas_gerais_area_adj:0 "Діамантінськ"
 iquitos_area:0 "Iquitos"
 iquitos_area_name:0 "Iquitos"
 iquitos_area_adj:0 "Iquitoan"
 misiones_area:0 "Mesopotamia"
 misiones_area_name:0 "Misiones"
 misiones_area_adj:0 "Misione"
 west_sao_paolo_area:0 "Guayra"
 west_sao_paolo_area_name:0 "Guayra"
 west_sao_paolo_area_adj:0 "Guayra"
 ceara_area:0 "Ceará"
 ceara_area_name:0 "Ceará"
 ceara_area_adj:0 "Cearán"
 ofaie_area:0 "Ofaie"
 ofaie_area_name:0 "Ofaie"
 ofaie_area_adj:0 "Ofaie"
 goias_area:0 "Гояс"
 goias_area_name:0 "Гояс"
 goias_area_adj:0 "Гояськ"
 pontal_area:0 "Pontal"
 pontal_area_name:0 "Pontal"
 pontal_area_adj:0 "Pontali"
 mato_grosso_area:0 "Мату Гросу"
 mato_grosso_area_name:0 "Мату Гросу"
 mato_grosso_area_adj:0 "Мату Гросськ"
 guapore_area:0 "Гуапоре"
 guapore_area_name:0 "Гуапоре"
 guapore_area_adj:0 "Гуапорськ"
 sao_paolo_area:0 "Сан-Паулу"
 sao_paolo_area_name:0 "Сан-Паулу"
 sao_paolo_area_adj:0 "Сан-Паулськ"
 rio_de_janeiro_area:0 "Ріо-де-Жанейро"
 rio_de_janeiro_area_name:0 "Ріо-де-Жанейро"
 rio_de_janeiro_area_adj:0 "Ріо-де-Жанейрськ"
 bahia_area:0 "Байя"
 bahia_area_name:0 "Байя"
 bahia_area_adj:0 "Байськ"
 pernambuco_area:0 "Пернамбуко"
 pernambuco_area_name:0 "Пернамбуко"
 pernambuco_area_adj:0 "Пернамбукськ"
 sao_francisco_area:0 "Сан-Франсіску"
 sao_francisco_area_name:0 "Паратінга"
 sao_francisco_area_adj:0 "Паратінгськ"
 maranhao_area:0 "Мараньян"
 maranhao_area_name:0 "Мараньян"
 maranhao_area_adj:0 "Мараньянськ"
 piaui_area:0 "Piauí"
 piaui_area_name:0 "Piauí"
 piaui_area_adj:0 "Piauían"
 amapa_area:0 "Amapá"
 amapa_area_name:0 "Amapá"
 amapa_area_adj:0 "Amapán"
 grao_para_area:0 "Гран Пара"
 grao_para_area_name:0 "Белем"
 grao_para_area_adj:0 "Белемськ"
 amazon_area:0 "Амазонка"
 amazon_area_name:0 "Амазонка"
 amazon_area_adj:0 "Амазонськ"
 paraguay_area:0 "Парагвай"
 paraguay_area_name:0 "Парагвай"
 paraguay_area_adj:0 "Парагвайськ"
 patagonia_area:0 "Патагонія"
 patagonia_area_name:0 "Патагонія"
 patagonia_area_adj:0 "Патагонськ"
 patagonian_andes:0 "Patagonian Andes"
 patagonian_andes_name:0 "Chubut"
 patagonian_andes_adj:0 "Chubut"
 bahia_blanca_area:0 "Bahiá Blanca"
 bahia_blanca_area_name:0 "Candelaria"
 bahia_blanca_area_adj:0 "Candelarian"
 cuyo_area:0 "Куйо"
 cuyo_area_name:0 "Куйо"
 cuyo_area_adj:0 "Куйськ"
 nehuenken_area:0 "Neheunken"
 nehuenken_area_name:0 "Nehuenken"
 nehuenken_area_adj:0 "Nehuenka"
 southern_pampas_area:0 "Південна Пампа"
 southern_pampas_area_name:0 "Пампа"
 southern_pampas_area_adj:0 "Пампськ"
 buenos_aires_area:0 "Ла-Плата"
 buenos_aires_area_name:0 "Ла-Плата"
 buenos_aires_area_adj:0 "Ла-Платськ"
 jujuy_area:0 "Jujuy"
 jujuy_area_name:0 "Jujuy"
 jujuy_area_adj:0 "Jujuy"
 potosi_area:0 "Potosí"
 potosi_area_name:0 "Potosí"
 potosi_area_adj:0 "Potosí"
 tucuman_area:0 "Тукуман"
 tucuman_area_name:0 "Тукуман"
 tucuman_area_adj:0 "Тукуманськ"
 chaco_area:0 "Чако"
 chaco_area_name:0 "Чако"
 chaco_area_adj:0 "Чакськ"
 banda_oriental_area:0 "Східна Смуга"
 banda_oriental_area_name:0 "Уругвай"
 banda_oriental_area_adj:0 "Уругвай"
 suriname_area:0 "Suriname"
 suriname_area_name:0 "Suriname"
 suriname_area_adj:0 "Surinaman"
 guyana_area:0 "Гайана"
 guyana_area_name:0 "Гайана"
 guyana_area_adj:0 "Гайанськ"
 upper_guyana_area:0 "Верхня Гайана"
 upper_guyana_area_name:0 "Ангостура"
 upper_guyana_area_adj:0 "Ангостурськ"
 quito_area:0 "Кіто"
 quito_area_name:0 "Кіто"
 quito_area_adj:0 "Кітськ"
 maracaibo_area:0 "Maracaibo"
 maracaibo_area_name:0 "Maracaibo"
 maracaibo_area_adj:0 "Maracaiboan"
 venezuela_area:0 "Венесуела"
 venezuela_area_name:0 "Венесуела"
 venezuela_area_adj:0 "Венесуельськ"
 eastern_llanos:0 "Східний Льянос"
 eastern_llanos_name:0 "Сараса"
 eastern_llanos_adj:0 "Саранськ"
 western_llanos:0 "Західний Льянос"
 western_llanos_name:0 "Поре"
 western_llanos_adj:0 "Порейськ"
 bogota_area:0 "Богота"
 bogota_area_name:0 "Богота"
 bogota_area_name_adj:0 "Боготськ"
 popayan_area:0 "Попаян"
 popayan_area_name:0 "Попаян"
 popayan_area_adj:0 "Попаянськ"
 coquivacoa_area:0 "Коквиавакоа"
 coquivacoa_area_name:0 "Коквиавакоа"
 coquivacoa_area_adj:0 "Коквиаваконськ"
 northern_chile_area:0 "Північне Чилі"
 northern_chile_area_name:0 "Аріка"
 northern_chile_area_adj:0 "Арікськ"
 central_chile_area:0 "Центральне Чилі"
 central_chile_area_name:0 "Пікунмасу"
 central_chile_area_adj:0 "Пікунманськ"
 southern_chile_area:0 "Південне Чилі"
 southern_chile_area_name:0 "Айсен"
 southern_chile_area_adj:0 "Айсенськ"
 antisuyu_area:0 "Антінсуйя"
 antisuyu_area_name:0 "Болівія"
 antisuyu_area_adj:0 "Болівійськ"
 peruan_coast:0 "Peruan Coast"
 peruan_coast_name:0 "Nazca"
 peruan_coast_adj:0 "Nazcan"
 kuntisuyu_area:0 "Кунтинсуйу"
 kuntisuyu_area_name:0 "Перу"
 kuntisuyu_area_adj:0 "Перуанськ"
 chimor_area:0 "Чімор"
 chimor_area_name:0 "Чіму"
 chimor_area_adj:0 "Чімуанськ"
 ucayali_area:0 "Укаялі"
 ucayali_area_name:0 "Укаялі"
 ucayali_area_adj:0 "Укаяльськ"
 cajamarca_area:0 "Кахамарка"
 cajamarca_area_name:0 "Кахамарка"
 cajamarca_area_adj:0 "Кахамаркськ"
 huanuco_area:0 "Центральне Перу"
 huanuco_area_name:0 "Яуя"
 huanuco_area_adj:0 "Яуйськ"
 moxos_area:0 "Moxos"
 moxos_area_name:0 "Moxos"
 moxos_area_adj:0 "Moxian"
 beni_area:0 "Бені"
 beni_area_name:0 "Бені"
 beni_area_adj:0 "Бенійськ"
 upper_peru:0 "Верхнє Перу"
 upper_peru_name:0 "Потосі"
 upper_peru_adj:0 "Потоськ"
 maine_area:0 "Maine"
 maine_area_name:0 "Maine"
 maine_area_adj:0 "Mainean"
 great_woods_area:0 "Великі Ліси"
 great_woods_area_name:0 "Абенаки"
 great_woods_area_adj:0 "Абенакськ"
 massachusetts_bay_area:0 "Массачусетс"
 massachusetts_bay_area_name:0 "Массачусетс"
 massachusetts_bay_area_adj:0 "Массачусетськ"
 connecticut_valley_area:0 "Коннектикут"
 connecticut_valley_area_name:0 "Коннектикут"
 connecticut_valley_area_adj:0 "Коннектикутськ"
 hudson_valley_area:0 "Гудзонова долина"
 hudson_valley_area_name:0 "Гудзон"
 hudson_valley_area_adj:0 "Гудзонськ"
 delaware_valley_area:0 "Делавер"
 delaware_valley_area_name:0 "Делавер"
 delaware_valley_area_adj:0 "Делаверськ"
 iroquoisia_area:0 "Землі Ірокезів"
 iroquoisia_area_name:0 "Ірокези"
 iroquoisia_area_adj:0 "Ірокезськ"
 south_iroquoisia_area:0 "South Iroquoisia"
 south_iroquoisia_area_name:0 "Seneca"
 south_iroquoisia_area_adj:0 "Senecan"
 susquehanna_area:0 "Саскуеханна"
 susquehanna_area_name:0 "Саскуеханна"
 susquehanna_area_adj:0 "Саскуеханнськ"
 chesapeake_area:0 "Чесапік"
 chesapeake_area_name:0 "Чесапік"
 chesapeake_area_adj:0 "Чесапікськ"
 great_valley_area:0 "Велика Долина"
 great_valley_area_name:0 "Шенандоа"
 great_valley_area_adj:0 "Шенандоанськ"
 piedmont_north_america_area:0 "Підмонт"
 piedmont_north_america_area_name:0 "Підмонт"
 piedmont_north_america_area_adj:0 "Підмонтськ"
 carolinas_area:0 "Кароліна"
 carolinas_area_name:0 "Кароліна"
 carolinas_area_adj:0 "Каролінськ"
 south_carolina_area:0 "South Carolina"
 south_carolina_area_name:0 "Santee"
 south_carolina_area_adj:0 "Santee"
 upper_american_georgia_area:0 "Upper Georgia"
 upper_american_georgia_area_name:0 "Muskogee"
 upper_american_georgia_area_adj:0 "Muskogee"
 american_georgia_area:0 "Джорджія"
 american_georgia_area_name:0 "Джорджія"
 american_georgia_area_adj:0 "Джорджськ"
 north_florida_area:0 "North Florida"
 north_florida_area_name:0 "Timucua"
 north_florida_area_adj:0 "Timucuan"
 florida_area:0 "Флорида"
 florida_area_name:0 "Флорида"
 florida_area_adj:0 "Флоридськ"
 south_appalachia_area:0 "South Appalachia"
 south_appalachia_area_name:0 "Tenessee"
 south_appalachia_area_adj:0 "Tenessean"
 appalachia_area:0 "Аппалачі"
 appalachia_area_name:0 "Аппалачі"
 appalachia_area_adj:0 "Аппалачськ"
 west_florida_area:0 "Західна Флорида"
 west_florida_area_name:0 "Мобіл"
 west_florida_area_adj:0 "Мобілськ"
 mississippi_area:0 "Міссісіпі"
 mississippi_area_name:0 "Міссісіпі"
 mississippi_area_adj:0 "Міссісіпськ"
 alabama_area:0 "Алабама"
 alabama_area_name:0 "Алабама"
 alabama_area_adj:0 "Алабамськ"
 kentucky_area:0 "Кентуккі"
 kentucky_area_name:0 "Кентуккі"
 kentucky_area_adj:0 "Кентуккськ"
 miami_river_area:0 "Miami"
 miami_river_area_name:0 "Miami"
 miami_river_area_adj:0 "Miami"
 mississippi_plain_area:0 "Missisippi Plains"
 mississippi_plain_area_name:0 "Cahokia"
 mississippi_plain_area_name_adj:0 "Cahokian"
 ohio_country_area:0 "Огайо"
 ohio_country_area_name:0 "Огайо"
 ohio_country_area_adj:0 "Огайськ"
 illinois_country_area:0 "Іллінойс"
 illinois_country_area_name:0 "Іллінойс"
 illinois_country_area_adj:0 "Іллінойськ"
 michigan_area:0 "Мічиган"
 michigan_area_name:0 "Мічиган"
 michigan_area_adj:0 "Мічиганськ"
 wisconsin_area:0 "Wisconsin"
 wisconsin_area_name:0 "Wisconsin"
 wisconsin_area_adj:0 "Wisconsinian"
 lake_superior_area:0 "Озеро Верхнє"
 lake_superior_area_name:0 "Месквоки"
 lake_superior_area_adj:0 "Месквокськ"
 lower_louisiana_area:0 "Нижня Луїзіана"
 lower_louisiana_area_name:0 "Арканзас"
 lower_louisiana _area_adj:0 "Арканзаськ"
 upper_louisiana _area:0 "Верхня Луїзіана"
 upper_louisiana_area_name:0 "Міссурі"
 upper_louisiana_area_adj:0 "Міссурійськ"
 ozarks_area:0 "Озарк"
 ozarks_area_name:0 "Пахатсі"
 ozarks_area_adj:0 "Пахатськ"
 central_plains_area:0 "Central Plains"
 central_plains_area_name:0 "Pawnee"
 central_plains_area_adj:0 "Pawnee"
 lower_plains_area:0 "Великі Рівнини"
 lower_plains_area_name:0 "Канзас"
 lower_plains_area_adj:0 "Канзасськ"
 high_plains_area:0 "Високі рівнини"
 high_plains_area_name:0 "Арапахо"
 high_plains_area_adj:0 "Арапахськ"
 south_dakota_area:0 "South Dakota"
 south_dakota_area_name:0 "Iowa"
 south_dakota_area_adj:0 "Iowan"
 dakota_area:0 "Дакота"
 dakota_area_name:0 "Дакота"
 dakota_area_adj:0 "Дакотськ"
 upper_missouri_area:0 "Верхня Міссурі"
 upper_missouri_area_name:0 "Монтана"
 upper_missouri_area_adj:0 "Монтанськ"
 badlands_area:0 "Бедленд"
 badlands_area_name:0 "Вайомінг"
 badlands_area_adj:0 "Вайомінгськ"
 llano_estacado_area:0 "Льяно-Естакадо"
 llano_estacado_area_name:0 "Мідленд"
 llano_estacado_area_adj:0 "Мідлендськ"
 coastal_prarie_area:0 "Coastal Prarie"
 coastal_prarie_area_name:0 "Atakapa"
 coastal_prarie_area_adj:0 "Atakapan"
 texas_area:0 "Техас"
 texas_area_name:0 "Техас"
 texas_area_adj:0 "Техаськ"
 rio_grande_area:0 "Ріо-Гранте"
 rio_grande_area_name:0 "Матаморос"
 rio_grande_area_adj:0 "Матаморосськ"
 new_mexico_area:0 "Нью-Мексико"
 new_mexico_area_name:0 "Нью-Мексико"
 new_mexico_area_adj:0 "Нью-Мексикськ"
 colorado_plateau_area:0 "Колорадо"
 colorado_plateau_area_name:0 "Колорадо"
 colorado_plateau_area_adj:0 "Колорадськ"
 arizona_area:0 "Арізона"
 arizona_area_name:0 "Арізона"
 arizona_area_adj:0 "Арізоньк"
 california_area:0 "Каліфорнія"
 california_area_name:0 "Каліфорнія"
 california_area_adj:0 "Каліфорнійськ"
 central_valley_area:0 "Центральна долина"
 central_valley_area_name:0 "Сакраменто"
 central_valley_area_adj:0 "Сакраментськ"
 oregon_area:0 "Орегон"
 oregon_area_name:0 "Орегон"
 oregon_area_adj:0 "Орегонськ"
 columbia_river_area:0 "Колумбія"
 columbia_river_area_name:0 "Колумбія"
 columbia_river_area_adj:0 "Колумбійськ"
 snake_river_area:0 "Снейк-рівер"
 snake_river_area_name:0 "Не-персе"
 snake_river_area_adj:0 "Не-перськ"
 salish_sea_area:0 "Море Селіш"
 salish_sea_area_name:0 "Скуамиш"
 salish_sea_area_adj:0 "Скуамишськ"
 interior_plateau_area:0 "Внутрішнє Палато"
 interior_plateau_area_name:0 "Дакелх"
 interior_plateau_area_adj:0 "Дакелхськ"
 hecate_strait_area:0 "Гекате"
 hecate_strait_area_name:0 "Хайда"
 hecate_strait_area_adj:0 "Хайдськ"
 alaska_area:0 "Аляска"
 alaska_area_name:0 "Аляска"
 alaska_area_adj:0 "Аляскійськ"
 lower_acadia_area:0 "Нижня Акадія"
 lower_acadia_area_name:0 "Нова Шотландія"
 lower_acadia_area_adj:0 "Ново-Шотландськ"
 upper_acadia_area:0 "Верхня Акадія"
 upper_acadia_area_name:0 "Акадія"
 upper_acadia_area_adj:0 "Акадськ"
 newfoundland_area:0 "Ньюфаундленд"
 newfoundland_area_name:0 "Ньюфаундленд"
 newfoundland_area_adj:0 "Ньюфаундлендськ"
 labrador_area:0 "Лабрадор"
 labrador_area_name:0 "Лабрадор"
 labrador_area_adj:0 "Лабрадорськ"
 cote_nord_area:0 "Кот-Нор"
 cote_nord_area_name:0 "Манікуаган"
 cote_nord_area_adj:0 "Манікуаганськ"
 notre_dame_mountains_area:0 "Норт-Дам Маунтин"
 notre_dame_mountains_area_name:0 "Кеспек"
 notre_dame_mountains_area_adj:0 "Кеспекськ"
 lower_canada_area:0 "Нижня Канада"
 lower_canada_area_name:0 "Канада"
 lower_canada_area_adj:0 "Канадськ"
 upper_canada_area:0 "Верхня Канада"
 upper_canada_area_name:0 "Оттава"
 upper_canada_area_adj:0 "Оттавськ"
 laurentian_area:0 "Лаврентія"
 laurentian_area_name:0 "Лаврентія"
 laurentian_area_adj:0 "Лаврентійськ"
 inner_ontario_area:0 "Inner Ontario"
 inner_ontario_area_adj:0 "Outoulibi"
 inner_ontario_area_name:0 "Outoulibian"
 upper_ontario_area:0 "Верхнє Онтаріо"
 upper_ontario_area_name:0 "Онтаріо"
 upper_ontario_area_adj:0 "Онтарськ"
 huronia_area:0 "Землі Гуронів"
 huronia_area_name:0 "Гурони"
 huronia_area_adj:0 "Гуронськ"
 james_bay_area:0 "Затока Джеймса"
 james_bay_area_name:0 "Мосони"
 james_bay_area_adj:0 "Мосонськ"
 hudson_bay_area:0 "Гудзонова затока"
 hudson_bay_area_name:0 "Кууджуак"
 hudson_bay_area_adj:0 "Кууджуакськ"
 red_river_area:0 "Ред-Рівер"
 red_river_area_name:0 "Вінніпег"
 red_river_area_adj:0 "Вінніпегськ"
 saskatchewan_area:0 "Сасквачеван"
 saskatchewan_area_name:0 "Сасквачеван"
 saskatchewan_area_adj:0 "Сасквачеванськ"
 prairies_area:0 "Прерії"
 prairies_area_name:0 "Альберта"
 prairies_area_adj:0 "Альбертськ"
 athabasca_area:0 "Атабаска"
 athabasca_area_name:0 "Атабаска"
 athabasca_area_adj:0 "Атабаскськ"
 northeast_mexico_area:0 "Північна Мексика"
 northeast_mexico_area_name:0 "Тамаулипас"
 northeast_mexico_area_adj:0 "Тамаулипанськ"
 durango_area:0 "Дуранго"
 durango_area_name:0 "Дуранго"
 durango_area_adj:0 "Дурангоськ"
 sonora_y_sinaloa_area:0 "Сонора і Сіналоа"
 sonora_y_sinaloa_area_name:0 "Сонора"
 sonora_y_sinaloa_area_adj:0 "Сонорськ"
 baja_california_area:0 "Нижня Каліфорнія"
 baja_california_area_name:0 "Лорето"
 baja_california_area_adj:0 "Лоретськ"
 jalisco_area:0 "Халиско"
 jalisco_area_name:0 "Халиско"
 jalisco_area_adj:0 "Халискськ"
 michoacan_area:0 "Мічоакан"
 michoacan_area_name:0 "Мічоакан"
 michoacan_area_adj:0 "Мічоаканськ"
 gran_chichimeca_area:0 "Чічімеки"
 gran_chichimeca_area_name:0 "Чічімеки"
 gran_chichimeca_area_adj:0 "Чічімекськ"
 mexico_area:0 "Мехіко"
 mexico_area_name:0 "Мехіко"
 mexico_area_adj:0 "Мехікськ"
 guerrero_area:0 "Герреро"
 guerrero_area_name:0 "Герреро"
 guerrero_area_adj:0 "Геррерськ"
 oaxaca_area:0 "Оахака"
 oaxaca_area_name:0 "Оахака"
 oaxaca_area_adj:0 "Оахакськ"
 eastern_mexico_area:0 "Східна Мексика"
 eastern_mexico_area_name:0 "Халапа"
 eastern_mexico_area_adj:0 "Халапськ"
 chiapas_area:0 "Чьяпас"
 chiapas_area_name:0 "Чьяпас"
 chiapas_area_adj:0 "Чьяпаськ"
 yucatan_area:0 "Юкатан"
 yucatan_area_name:0 "Юкатан"
 yucatan_area_adj:0 "Юкатанськ"
 guatemala_area:0 "Гватемала"
 guatemala_area_name:0 "Гватемала"
 guatemala_area_adj:0 "Гватемальськ"
 honduras_area:0 "Гондурас"
 honduras_area_name:0 "Гондурас"
 honduras_area_adj:0 "Гондурасськ"
 nicaragua_area:0 "Нікарагуа"
 nicaragua_area_name:0 "Нікарагуа"
 nicaragua_area_adj:0 "Нікарагуанськ"
 panama_area:0 "Панама"
 panama_area_name:0 "Панама"
 panama_area_adj:0 "Панамськ"
 cuba_area:0 "Куба"
 cuba_area_name:0 "Куба"
 cuba_area_adj:0 "Кубинськ"
 east_cuba_area:0 "East Cuba"
 east_cuba_area_name:0 "Baracoa"
 east_cuba_area_adj:0 "Baracoan"
 hispaniola_area:0 "Еспанйола"
 hispaniola_area_name:0 "Еспанйола"
 hispaniola_area_adj:0 "Еспанйолськ"
 greater_antilles_area:0 "Великі Антильські острови"
 greater_antilles_area_name:0 "Ямайка"
 greater_antilles_area_adj:0 "Ямайкськ"
 lucayan_area:0 "Lucayan Archipelago"
 lucayan_area_name:0 "Bahamas"
 lucayan_area_adj:0 "Bahaman"
 leeward_islands_area:0 "Підвітряні острови"
 leeward_islands_area_name:0 "Гваделупа"
 leeward_islands_area_adj:0 "Гваделупськ"
 windward_islands_area:0 "Надвітряні острови"
 windward_islands_area_name:0 "Трінідад"
 windward_islands_area_adj:0 "Трінідад"
 western_mediterrenean_area:0 "Західне Середземномор'я"
 eastern_mediterrenean_area:0 "Східне Середземномор'я"
 black_sea_area:0 "Чорне море"
 baltic_area:0 "Балтійське море"
 kattegat_area:0 "Каттегат"
 north_sea_area:0 "Північне море"
 norwegian_sea_area:0 "Норвезьке море"
 white_sea_area:0 "Біле море"
 red_sea_area:0 "Червоне море"
 persian_gulf_area:0 "Перська затока"
 arabian_sea_area:0 "Арабське море"
 bay_of_bengal_area:0 "Бенгальська затока"
 eastern_indian_ocean_area:0 "Схід Індійського океану"
 western_indian_ocean_area:0 "Захід Індійського океану"
 great_australian_bight_area:0 "Велика Австралійська затока"
 swahili_coast_sea_area:0 "Узбережжя Суахілі"
 south_china_sea_area:0 "Південно-Китайське море"
 celebes_sea_area:0 "Море Сулавесі"
 java_sea_area:0 "Яванське море"
 east_china_sea_area:0 "Східнокитайське море"
 sea_of_japan_area:0 "Японське море"
 sea_of_okhotsk_area:0 "Охотське море"
 berring_sea_area:0 "Берингове море"
 tasman_sea_area:0 "Тасманове море"
 coral_sea_area:0 "Коралове море"
 philipine_sea_area:0 "Філіппінське море"
 banda_arafura_seas_area:0 "Арафурське море"
 gulf_of_alaska_area:0 "Затока Аляска"
 sea_of_grau_area:0 "Море Грей"
 chilean_sea_area:0 "Чилійське море"
 gulf_of_panama_area:0 "Панамська затока"
 bay_of_biscay_area:0 "Біскайська затока"
 english_channel_area:0 "Ла-Манш"
 caribbean_sea_area:0 "Карибське море"
 gulf_of_mexico_area:0 "Мексиканська затока"
 sea_of_labrador_area:0 "Море Лабрадор"
 hudson_bay_sea_area:0 "Затока Гудзон"
 denmark_strait_area:0 "Данська Протока"
 gulf_of_guinea_sea_area:0 "Гвінейська затока"
 cape_of_storms_area:0 "Мис Штормів"
 skeleton_coast_area:0 "Берег Скелетів"
 east_pacific_ocean_area:0 "Схід Тихого океану"
 polynesian_triangle_area:0 "Полінезійський трикутник"
 south_pacific_area:0 "Південь Тихого океану"
 north_pacific_area:0 "Північ Тихого океану"
 north_pacific_coast_area:0 "Узбережжя Каліфорній"
 coast_of_brazil_sea_area:0 "Узбережжя Бразилії"
 coast_of_guyana_area:0 "Узбережжя Гайани"
 celtic_sea_area:0 "Кельтське море"
 west_african_coast_sea_area:0 "Узбережжя Західної Африки"
 south_atlantic_area:0 "Південна Атлантика"
 argentine_sea_area:0 "Аргентинське море"
 gulf_of_st_lawrence_area:0 "Затока Св. Лаврентія"
 gulf_stream_area:0 "Гольфстрім"
 sargasso_sea_area:0 "Саргасове море"
 north_atlantic_area:0 "Північна Атлантика"
 bahama_channel_area:0 "Багамський канал"
 france_region:0 "Франція"
 france_region_name:0 "Франція"
 france_region_adj:0 "Французьк"
 scandinavia_region:0 "Скандинавія"
 scandinavia_region_name:0 "Скандинавія"
 scandinavia_region_adj:0 "Скандинавськ"
 low_countries_region:0 "Нідерланди"
 low_countries_region_name:0 "Нідерланди"
 low_countries_region_adj:0 "Голландськ"
 italy_region:0 "Італія"
 italy_region_name:0 "Італія"
 italy_region_adj:0 "Італійськ"
 iberia_region:0 "Іберія"
 iberia_region_name:0 "Іберія"
 iberia_region_adj:0 "Іберійськ"
 germany_region:0 "Німеччина"
 germany_region_name:0 "Німеччина"
 germany_region_adj:0 "Німецьк"
 north_german_region:0 "North Germany"
 north_german_region_name:0 "North Germany"
 north_german_region_adj:0 "North German"
 south_german_region:0 "South Germany"
 south_german_region_name:0 "South Germany"
 south_german_region_adj:0 "South German"
 russia_region:0 "Росія"
 russia_region_name:0 "Росія"
 russia_region_adj:0 "Російськ"
 ural_region:0 "Ural"
 ural_region_name:0 "Ural"
 ural_region_adj:0 "Uralian"
 malaya_region:0 "Malaya"
 malaya_region_name:0 "Malaya"
 malaya_region_adj:0 "Malayan"
 moluccas_region:0 "Moluccas"
 moluccas_region_name:0 "Moluccas"
 moluccas_region_adj:0 "Moluccan"
 java_region:0 "Java"
 java_region_name:0 "Java"
 java_region_adj:0 "Javan"
 british_isles_region:0 "Велика Британія"
 british_isles_region_name:0 "Британія"
 british_isles_region_adj:0 "Британськ"
 baltic_region:0 "Балтія"
 baltic_region_name:0 "Балтія"
 baltic_region_adj:0 "Балтійськ"
 poland_region:0 "Польща"
 poland_region_name:0 "Польща"
 poland_region_adj:0 "Польськ"
 ruthenia_region:0 "Русь"
 ruthenia_region_name:0 "Русь"
 ruthenia_region_adj:0 "Руськ"
 crimea_region:0 "Дике Поле"
 crimea_region_name:0 "Дике Поле"
 crimea_region_adj:0 "Степов"
 balkan_region:0 "Балкани"
 balkan_region_name:0 "Балкани"
 balkan_region_adj:0 "Балканськ"
 carpathia_region:0 "Паннонія"
 carpathia_region_name:0 "Карпати"
 carpathia_region_adj:0 "Карпатськ"
 egypt_region:0 "Єгипет"
 egypt_region_name:0 "Єгипет"
 egypt_region_adj:0 "Єгипетськ"
 maghreb_region:0 "Магриб"
 maghreb_region_name:0 "Магриб"
 maghreb_region_adj:0 "Магрибськ"
 mashriq_region:0 "Машрік"
 mashriq_region_name:0 "Машрік"
 mashriq_region_adj:0 "Машрікськ"
 anatolia_region:0 "Анатолія"
 anatolia_region_name:0 "Анатолія"
 anatolia_region_adj:0 "Анатолійськ"
 persia_region:0 "Персія"
 persia_region_name:0 "Персія"
 persia_region_adj:0 "Персськ"
 khorasan_region:0 "Хорасан"
 khorasan_region_name:0 "Хорасан"
 khorasan_region_adj:0 "Хорасанськ"
 baluchistan_region:0 "Белуджистан"
 baluchistan_region_name:0 "Белуджистан"
 baluchistan_region_adj:0 "Белуджистанськ"
 caucasia_region:0 "Кавказ"
 caucasia_region_name:0 "Кавказ"
 caucasia_region_adj:0 "Кавказськ"
 arabia_region:0 "Аравія"
 arabia_region_name:0 "Аравія"
 arabia_region_adj:0 "Аравійськ"
 guinea_region:0 "Guinea"
 guinea_region_name:0 "Guinea"
 guinea_region_adj:0 "Guinean"
 sao_tome_area:0 "Sao Tome"
 sao_tome_area_name:0 "Sao Tome"
 sao_tome_area_adj:0 "Sao Tomean"
 niger_region:0 "Niger"
 niger_region_name:0 "Niger"
 niger_region_adj:0 "Nigerian"
 horn_of_africa_region:0 "Африканський ріг"
 horn_of_africa_region_name:0 "Сомалі"
 horn_of_africa_region_adj:0 "Сомалійськ"
 east_africa_region:0 "Східна Африка"
 east_africa_region_name:0 "Суахілі"
 east_africa_region_adj:0 "Суахільськ"
 kongo_region:0 "Конго"
 kongo_region_name:0 "Конго"
 kongo_region_adj:0 "Конголезьк"
 central_asia_region:0 "Центральна Азія"
 central_asia_region_name:0 "Тартарія"
 central_asia_region_adj:0 "Тартарськ"
 south_africa_region:0 "Південна Африка"
 south_africa_region_name:0 "Південна Африка"
 south_africa_region_adj:0 "Південно-Африканськ"
 west_siberia_region:0 "West Siberia"
 west_siberia_region_name:0 "West Siberia"
 west_siberia_region_adj:0 "West Siberian"
 east_siberia_region:0 "East Siberia"
 east_siberia_region_name:0 "East Siberia"
 east_siberia_region_adj:0 "East Siberian"
 mongolia_region:0 "Монголія"
 mongolia_region_name:0 "Монголія"
 mongolia_region_adj:0 "Монгольськ"
 manchuria_region:0 "Манчжурія"
 manchuria_region_name:0 "Манчжурія"
 manchuria_region_adj:0 "Манчжурськ"
 tibet_region:0 "Тибет"
 tibet_region_name:0 "Тибет"
 tibet_region_adj:0 "Тибетськ"
 bengal_region:0 "Бенгалія"
 bengal_region_name:0 "Бенгалія"
 bengal_region_adj:0 "Бенгальськ"
 hindusthan_region:0 "Гіндустан"
 hindusthan_region_name:0 "Гіндустан"
 hindusthan_region_adj:0 "Гіндустанськ"
 rajputana_region:0 "Раджпутана"
 rajputana_region_name:0 "Раджпутана"
 rajputana_region_adj:0 "Раджпутськ"
 deccan_region:0 "Декан"
 deccan_region_name:0 "Декан"
 deccan_region_adj:0 "Деканськ"
 coromandel_region:0 "Коромандел"
 coromandel_region_name:0 "Коромандел"
 coromandel_region_adj:0 "Коромандельськ"
 west_india_region:0 "Західна Індія"
 west_india_region_name:0 "Гуджарат"
 west_india_region_adj:0 "Гуджаратськ"
 burma_region:0 "Бірма"
 burma_region_name:0 "Бірма"
 burma_region_adj:0 "Бірманськ"
 japan_region:0 "Японія"
 japan_region_name:0 "Японія"
 japan_region_adj:0 "Японськ"
 korea_region:0 "Корея"
 korea_region_name:0 "Корея"
 korea_region_adj:0 "Корейськ"
 australia_region:0 "Австралія"
 australia_region_name:0 "Австралія"
 australia_region_adj:0 "Австралійськ"
 new_zealand_region:0 "Нова Зеландія"
 new_zealand_region_name:0 "Нова Зеландія"
 new_zealand_region_adj:0 "Новозеландськ"
 south_china_region:0 "Південний Китай"
 south_china_region_name:0 "Гуандун"
 south_china_region_adj:0 "Гуандунськ"
 xinan_region:0 "Сіньань"
 xinan_region_name:0 "Сіньань"
 xinan_region_adj:0 "Сіньаньськ"
 north_china_region:0 "Північний Китай"
 north_china_region_name:0 "Китай"
 north_china_region_adj:0 "Китайськ"
 brazil_region:0 "Бразилія"
 brazil_region_name:0 "Бразилія"
 brazil_region_adj:0 "Бразильськ"
 la_plata_region:0 "Ла-Плата"
 la_plata_region_name:0 "Ла-Плата"
 la_plata_region_adj:0 "Ла-Платськ"
 chile_region:0 "Чилі"
 chile_region_name:0 "Чилі"
 chile_region_adj:0 "Чилійськ"
 colombia_region:0 "Колумбія"
 colombia_region_name:0 "Колумбія"
 colombia_region_adj:0 "Колумбійськ"
 peru_region:0 "Перу"
 peru_region_name:0 "Перу"
 peru_region_adj:0 "Перуанськ"
 indonesia_region:0 "Індонезія"
 indonesia_region_name:0 "Індонезія"
 indonesia_region_adj:0 "Індонезійськ"
 oceanea_region:0 "Океанія"
 oceanea_region_name:0 "Океанія"
 oceanea_region_adj:0 "Океанійськ"
 indo_china_region:0 "Індокитай"
 indo_china_region_name:0 "Індокитай"
 indo_china_region_adj:0 "Індокитайськ"
 canada_region:0 "Канада"
 canada_region_name:0 "Канада"
 canada_region_adj:0 "Канадськ"
 great_lakes_region:0 "Великі озера"
 great_lakes_region_name:0 "Вісконсин"
 great_lakes_region_adj:0 "Вісконсинськ"
 northeast_america_region:0 "Північний Схід"
 northeast_america_region_name:0 "Пенсільванія"
 northeast_america_region_adj:0 "Пенсільванськ"
 southeast_america_region:0 "Південний Схід"
 southeast_america_region_name:0 "Віргінія"
 southeast_america_region_adj:0 "Віргінськ"
 mississippi_region:0 "Міссісіпі"
 mississippi_region_name:0 "Теннессі"
 mississippi_region_adj:0 "Теннесськ"
 choctaw_area:0 "Choctaw"
 choctaw_area_name:0 "Choctaw"
 choctaw_area_adj:0 "Choctaw"
 great_plains_region:0 "Великі Рівнини"
 great_plains_region_name:0 "Небраска"
 great_plains_region_adj:0 "Небраскськ"
 california_region:0 "Каліфорнія"
 california_region_name:0 "Каліфорнія"
 california_region_adj:0 "Каліфорнійськ"
 cascadia_region:0 "Каскадія"
 cascadia_region_name:0 "Каскадія"
 cascadia_region_adj:0 "Каскадськ"
 hudson_bay_region:0 "Гудзонова затока"
 hudson_bay_region_name:0 "Манітоба"
 hudson_bay_region_adj:0 "Манітобськ"
 mexico_region:0 "Мексика"
 mexico_region_name:0 "Мексика"
 mexico_region_adj:0 "Мексиканськ"
 central_america_region:0 "Центральна Америка"
 central_america_region_name:0 "Гватемала"
 central_america_region_adj:0 "Гватемальськ"
 carribeans_region:0 "Кариби"
 carribeans_region_name:0 "Кариби"
 carribeans_region_adj:0 "Карибськ"
 south_atlantic_region:0 "Південна Атлантика"
 atlantic_south_america_region:0 "Атлантичне узбережжя Америки"
 pacific_south_america_region:0 "Тихоокеанське узбережжя Америки"
 north_west_pacific_region:0 "Північний-Захід Тихого Океану"
 south_west_pacific_region:0 "Південь Тихого Океану"
 south_east_pacific_region:0 "Південний-Схід Тихого Океану"
 north_east_pacific_region:0 "Північний-Схід Тихого Океану"
 east_china_sea_region:0 "Східнокитайське море"
 south_china_sea_region:0 "Південно-Китайське море"
 east_indian_ocean_region:0 "Схід Індійського океану"
 arabian_sea_region:0 "Аравійське море"
 west_indian_ocean_region:0 "Захід Індійського океану"
 west_african_sea_region:0 "Західноафриканське узбережжя"
 caribbean_sea_region:0 "Карибське море"
 mediterrenean_region:0 "Середземномор'я"
 american_east_coast_region:0 "Східне Узбережжя"
 north_atlantic_region:0 "Північна Атлантика"
 baltic_sea_region:0 "Балтійське море"
 south_indian_ocean_area:0 "Південь Індійського океану"
 south_indian_ocean_region:0 "Південь Індійського океану"
 central_africa_region:0 "Центральна Африка"
 central_africa_region_name:0 "Африка"
 central_africa_region_adj:0 "Африканськ"
 europe_superregion:0 "Європа"
 europe_superregion_name:0 "Європа"
 europe_superregion_adj:0 "Європейськ"
 north_america_superregion:0 "Північна Америка"
 north_america_superregion_name:0 "Америка"
 north_america_superregion_adj:0 "Півн. Американськ"
 africa_superregion:0 "Африка"
 africa_superregion_name:0 "Африка"
 africa_superregion_adj:0 "Африканськ"
 south_america_superregion:0 "Південна Америка"
 south_america_superregion_name:0 "Колумбія"
 south_america_superregion_adj:0 "Півд. Американськ"
 central_america_superregion:0 "Центральна Америка"
 central_america_superregion_name:0 "Мексика"
 central_america_superregion_adj:0 "Мексиканськ"
 china_superregion:0 "Китай"
 china_superregion_name:0 "Китай"
 china_superregion_adj:0 "Китайськ"
 east_indies_superregion:0 "Індонезія"
 east_indies_superregion_name:0 "Індонезія"
 east_indies_superregion_adj:0 "Індонезійськ"
 india_superregion:0 "Індія"
 india_superregion_name:0 "Індія"
 india_superregion_adj:0 "Індійськ"
 near_east_superregion:0 "Близький Схід"
 near_east_superregion_name:0 "Близький Схід"
 near_east_superregion_adj:0 "Близькосхідн"
 persia_superregion:0 "Персія"
 persia_superregion_name:0 "Персія"
 persia_superregion_adj:0 "Перськ"
 kenya_area:0 "Кенія"
 kenya_area_name:0 "Кенія"
 kenya_area_adj:0 "Кенійськ"
 andaman_sea_area:0 "Андаманське море"
 limpopo_area:0 "Natal"
 limpopo_area_name:0 "Natal"
 limpopo_area_adj:0 "Natalian"
 quelimane_area:0 "Quelimane"
 quelimane_area_name:0 "Quelimane"
 quelimane_area_adj:0 "Quelimanian"
 southern_madagascar:0 "Southern Madagascar"
 southern_madagascar_name:0 "Bara"
 southern_madagascar_adj:0 "Baran"
 sakalava_area:0 "Sakalava"
 sakalava_area_name:0 "Sakalava"
 sakalava_area_adj:0 "Sakalavan"
 betsimasaraka_area:0 "Betsimasaraka"
 betsimasaraka_area_name:0 "Betsimasaraka"
 betsimasaraka_area_adj:0 "Betsimasarakan"
 madagascar_highlands_area:0 "Madagascar Highlands"
 madagascar_highlands_area_name:0 "Merina"
 madagascar_highlands_area_adj:0 "Merinan"
 bothnia_area:1 "Ostrobothnia"
 bothnia_area_name:0 "Bothnia"
 bothnia_area_adj:0 "Bothnian"
 western_ireland_area:0 "Western Ireland"
 western_ireland_area_name:0 "Munster"
 western_ireland_area_adj:0 "Munstrian"
 eastern_ireland_area:0 "Eastern Ireland"
 eastern_ireland_area_name:0 "Leinster"
 eastern_ireland_area_adj:0 "Lenstrian"
 southern_jutland_area:0 "Southern Denmark"
 southern_jutland_area_name:0 "Slesvig"
 southern_jutland_area_adj:0 "Slesvigian"
 eastern_europe_superregion:0 "Eastern Europe"
 eastern_europe_superregion_name:0 "Rus"
 eastern_europe_superregion_adj:0 "Rus"
 tartary_superregion:0 "Tartary"
 tartary_superregion_name:0 "Great Tartary"
 tartary_superregion_adj:0 "Tartarian"
 far_east_superregion:0 "Far East"
 far_east_superregion_name:0 "Far East"
 far_east_superregion_adj:0 "Far Eastern"
 oceania_superregion:0 "Oceania"
 oceania_superregion_name:0 "Oceania"
 oceania_superregion_adj:0 "Oceanian"
 laponia_area:0 "Laponia"
 laponia_area_name:0 "Sapmi"
 laponia_area_adj:0 "Sami"
